title,content,time,provider,url
「把25年前韓國瑜打人事件當英雄看」陳水扁批：吳敦義「災難政治學」的表現,"國民黨主席吳敦義日前提到高雄市長候選人韓國瑜過去打陳水扁，表示「很認同跟敬佩」並形容「允文允武」。前總統陳水扁今（22）日在《新勇哥物語》質疑，這是「災難政治學」的表現，反批吳敦義以為高雄市長贏定了，得意忘形的囂張之情溢於言表。
《新勇哥物語》今天刊出，陳水扁借勇哥表示，不相信吳敦義會講鼓勵暴力的話，也不相信吳敦義主席會認為，當年韓國瑜公然在國會殿堂打阿扁打到住院是對的。
陳水扁指出，吳敦義的發言，是「災難政治學」的表現，他批評吳敦義還真的以為他提名韓國瑜參選高雄市長贏定了，得意忘形的囂張之情溢於言表，竟把25年前的打人事件拿出來捧為文武雙全的英雄看待。「是非不明，黑白不分，不是很可怕嗎？！」
陳水扁也在文中還原，1993年5月韓國瑜推倒他導致受傷住院，隔天有幫派份子聚集到立法院，衝突場面導致10多人受傷掛彩，韓國瑜遭到質疑找黑道兄弟助陣，風波一度越演越烈。韓國瑜後來也道歉，「我願意為我肢體衝突，向陳水扁委員致歉。」
陳水扁表示，當時他是在幫榮民講話，因為他對政府的榮民就養照護問題向退輔會提出質詢，認為「不能把榮民當豬養，不是說榮民是豬」。韓國瑜聽到「豬」就抓狂，這跟扁小時候家裡養豬賣錢供給讀書，生活經驗完全不同。（推薦閱讀：普悠瑪翻車慘劇》吳敦義籲所有九合一選舉候選人暫停選舉活動）
相關報導● 吳敦義因韓國瑜「打扁」才提名選高雄？段宜康酸：乾脆提名殺過人的！● 強力反擊韓國瑜 洪耀福：愛河水臭、自來水不能喝，這是吳敦義當市長時的高雄",2018-10-22 12:16:02+08:00,風傳媒,https://tw.news.yahoo.com/把25年前韓國瑜打人事件當英雄看-陳水扁批-吳敦義-災難政治學-的表現-041602562.html
【Yahoo論壇／林青弘】柯文哲是否一再說謊？,"柯文哲市長在台北市北投區七星公園造勢，行動競選總部的大卡車開進公園，違規臨停。競辦被開罰六張罰單，罰款金額合計為1.8萬元，公園處認定柯競辦申辦活動與原先申請目的不符合，保證金3萬元依法沒收。
4.8萬元對於柯市長來說，不痛不癢。明知故犯，繼續違規，假文創、真造勢，罰款可由柯粉捐款繳交，首都市長帶頭違法違規，果然是「改變成真，惡夢發生；惡夢成真，持續發生」。
柯市長應該問問自己是否一再說謊，對市民沒有履行誠信義務。話說2014年4、5月期間，柯醫師是否因為募款不佳，競選總部財務出了問題，需要陳佩琪醫師的娘家，解約定存來資助？柯P購買6500萬房產，是不是在2011年向柯爸柯媽借貸1000萬元？如果柯P自稱政治上他是白手起家，不靠爸也不靠媽，這是不是公然說謊？如果靠老婆的娘家解約定存，才能度過2014年選戰中的財務困難，難道這不是依靠老婆的爸爸與媽媽？
當促轉會「東廠事件」發生時，柯P很輕鬆說張天欽只是一位律師。實際上，應該問問張富美女士，當柯P被公懲會議決降二級改敘，柯P聲請再審議的法律諮詢，難道不是張天欽律師幫忙？柯粉高喊1124滅東廠，是不是一起也把柯P滅了？柯P不把張天欽當年幫忙訴訟的事件講清楚說明白，見風轉舵、避重就輕，這能稱為正直有誠信？
柯市長又說女生不化妝上街會嚇人，難怪陳佩琪醫師在媒體鏡頭出現時，一定化妝裝扮。柯媽媽在1020造勢會場上，也有塗抹口紅、輕妝粉飾，想必這兩位對於柯P很重要的女人，都能明白柯P內心的想法。
七星公園的園遊會，原本要鼓勵文創商品，柯市長的行動競總大卡車故意違規臨停，在公園開起選舉造勢大會。台上的市府官員包含柯P老師也就是衛生局長，也有副市長陳景峻，更有柯P力挺的三位市議員站台，難道這些人吃飽沒事幹，一起為文創商品當志工？
為了選舉造勢，柯競辦的工作人員都出動了，要說這不是選舉活動，難道柯競辦人員當起園遊會志工，促銷文創商品？柯競辦那位斯文小帥哥，看起來應該憨厚老實，怎會認為柯競辦在七星公園的活動不是選舉造勢？近朱者赤，近墨者黑，是不是睜眼說瞎話？
柯P執政四年，他說「垃圾不分藍綠」，既然如此，討好藍綠的柯P，在柯粉眼中，是否比「垃圾」更不如？柯P訴求「改變成真，持續發生」，但是五大弊案在與財團妥協後，成為五大案，大巨蛋慢慢蓋好，以前的公安問題是不是「金玉其外，敗絮其中」，被包裝起來，眼不見為淨？柯市長繼續執政四年，恐怕會讓台北市「改變成真，惡夢發生；惡夢成真，持續發生」。
台北市民可以想想，如果相信忠厚老實靠得住，票投丁守中比柯P好太多了。如果厭惡五星旗隨便亂飄，票投姚文智也比柯P牢靠許多。選擇柯P連任，只是一種抉擇，不必然是絕對正確。為了不讓其他五都相對進步神速，台北市民應該認真想想，換人做看看，可能會讓台北市的未來更好更美。
柯P如果敗選，可以競選總統，但是丁守中或姚文智勝選，一定會做完四年任期。台北市民有能力做出智慧的選擇，過去的錯誤，1124可以改變成真，不再惡夢發生。
 
 
＿＿＿＿＿＿＿＿＿＿＿＿＿＿
【Yahoo論壇】係網友、專家的意見交流平台，文章僅反映作者意見，不代表Yahoo奇摩立場 >>> 投稿去",2018-10-22 14:00:26+08:00,林青弘,https://tw.news.yahoo.com/【yahoo論壇%EF%BC%8F林青弘】柯文哲是否一再說謊？-060026361.html
【Yahoo論壇】民進黨誰最怕陳其邁落選？,"讀者投書：廖念漢（現任奇策盟文宣部主任、曾任海巡署專聘講師）
 《長平之戰》是戰國時代最戲劇化的轉折點，至此之後，秦國的統一只是時間早晚問題。悲劇的產生就是趙孝成王輕易聽信秦相范睢「反間計」，說秦軍「最害怕」的是趙軍年輕將領趙括，而非垂垂老矣的廉頗。趙王旋即以「紙上談兵」的趙括，撤換沉穩的老將廉頗。一如所料趙括率全軍出擊，致在長平被白起包圍殲滅，40萬趙軍被活埋。
在中國的歷史上，這種老招的反間計層出不窮，皇太極也是用了這種「物美價廉」的反間計，讓多疑的明崇禎「因害怕」袁與清軍密謀，糊裡糊塗的就斬殺了清軍最忌憚的第一勇將–袁崇煥，加速了大明王朝的崩潰。
綜觀反間計之所以一再得逞，就建立在君臣好相疑，功高易震主的猜忌心之上。而政壇如沙場，雙方你虛我偽，爾虞我詐，都希望對手陣營上下離心離德，就可趁虛而入。就以今年最熱鬧的高雄選戰為例，當韓國瑜從《八月桂花香》開始，其聲勢直逼陳其邁，與陳的民調形成五五波時，反間計就開始上映了。
近日有二篇試探性的文章悄然冒出，第一篇是《如果韓國瑜選不上 國民黨的罪魁禍首是誰？》；第二篇是《害怕韓國瑜落選的那些人》。綜觀這兩篇文章最終目的都如出一轍，前言鋪陳的冠冕堂皇，然實際是項莊舞劍志在沛公，都直指因為怕韓選不上，立刻搶黨主席位置，並順勢奪取2020總統大位。
所謂「卑鄙是卑鄙者的通行證」。如果這種膚淺的「反間論調」能成立，那最喜歡看到陳其邁落選的人，不就是賴院長、以及在初選時殺到見骨的幾位候選人不是嗎?（不必苦等八年）。而同時賴的黨主席及2020的入場卷也都垂手可得，花媽的影響力也大幅衰退，一石二鳥，功德院長的內心世界不就是這樣解讀嗎?
再觀察賴院長日前以神級效率，一個晚上就改用《觀塘換深澳》，藉以「即刻救援」新北蘇貞昌之危，但可惜戰機已過，極可能落得蘇沒救成，而鄭文燦也慘遭滅頂，試問彼時民進黨中誰受益最大?
西諺云:「勝利者有100個爸爸，失敗就變孤兒」。韓國瑜在高雄以及全台人氣沸騰，連蟄伏已久的王金平都「蠢蠢欲動」，出錢出力。揆諸韓能有今天的氣勢，誠如筆者日前投書-《裁驛站明崇禎成就李闖王，搶北農蔡英文造就韓國瑜》，一切都是天意與天命；一切都是自助、人助與天助。反觀那些「搶燈光，想沾光」的政治人物，在韓剛上任時有誰多看他一眼?
所以筆者仍然重復強調，韓國瑜此刻該感謝的生命中的貴人們；第一是段宜康；第二是王世堅；第三是吳音寧，因為沒有吳的平庸無能，就無法凸顯韓的精明幹練；第四是蔡總統的擇善固執、非吳音寧不用的鋼鐵般意志。
狄更斯有句名言:這是一個最黑暗的年代，這也是一個最光明的年代。因為韓國瑜，此刻是20年來國民黨最團結的時刻，從韓國瑜去年就任高雄市黨部主委開始，吳主席在募款極度艱困下，其與夫人每周均往返高雄1-2次，給予精神及物質上的支助與鼓勵，將高雄的人脈逐漸向韓凝聚拉攏，讓陸軍得以接替韓的空軍，使韓得以度過最冷淡的前8個月。
「自古時勢造英雄，豈有英雄等燈光」。古今中外的英雄人物，自己的資質固然重要，但乏人賞識亦難出頭。是以沒有漢武帝就沒有霍去病；沒有羅斯福就沒有艾森豪；相同之理，沒有朱立的慧眼獨具，就沒有侯友宜的新北舞台，沒有吳敦義的強力薦舉，就無韓國瑜的高雄「諾曼地」登陸。
今年的國民黨中生代人才輩出，不論是全力輔選、公而忘私的周錫瑋，主動讓賢的蔣萬安，氣度寬宏的江啟臣等人，再加上四年後的韓國瑜、侯友宜、盧秀燕、陳學聖等市長們；以實際治理市政績效為成績單，以民意選擇為依歸，讓國民黨脫胎換骨後，進行一場公平的世代交替。
最後言歸正傳。奉勸這兩篇投書的作者，不妨去瀏覽讀者眾多的留言，要用「反間計」，就要多用功，用的高明些!誠如一位網友寫得傳神，韓國瑜氣勢低迷時，罵吳敦義輔選不夠賣力；等韓氣勢高漲之際，卻又疑乖賣直，說韓會搶了黨主席的位置!這種「父子騎驢」沒有邏輯，相互矛盾的反間計，還是少用為妙，免的臉被打腫。
＿＿＿＿＿＿＿＿＿＿＿＿＿＿
【Yahoo論壇】係網友、專家的意見交流平台，文章僅反映作者意見，不代表Yahoo奇摩立場 >>> 投稿去
 ",2018-10-22 13:57:44+08:00,讀者投書,https://tw.news.yahoo.com/【yahoo論壇】民進黨誰最怕陳其邁落選？-055744241.html
抽中籤王 韓國瑜車隊掃街 民眾路邊紛比讚,"國民黨高雄市長候選人韓國瑜聲勢上漲，又抽中一號籤王，心情相當興奮，立即展開掃街拜，經過的地方，民眾紛紛豎起大姆指比讚。韓國瑜力主拼經濟，政治放一邊的訴求，打動北漂青年的心，更有民進黨的死忠麥克風手，為了北漂的兒孫，轉向投身藍營，為韓國瑜打拼。
抽中一號籤王的國民黨，高雄市長候選人韓國瑜，步出抽籤會場，被興奮的支持者，包圍到幾乎走不動，而韓國瑜的掃街車隊，沿途經過的地方，樓上的住戶，錯身而過的汽機車駕駛人，還是早餐店前的年輕人，屋頂上的維修工，路邊的小黃司機，紛紛向他比起大姆指，韓國瑜的旋風掃向，港都的每一個角落。
國民黨高雄市長候選人 韓國瑜：我們只有一個心願，拼高雄的經濟，高雄這個城市睡太久了，真的全台灣最有潛力，最好條件的就是高雄，我們一定要把高雄拼起來，這是我選市長最主要的目的，我們要把沉睡的巨人喚醒，高雄睡太久了起來，大步向前，讓我們整個台灣刮目相看。
而在韓國瑜的陣營裏，還出現了原本是死忠的，民進黨員張銘誌，向來是民進黨麥克風手，二十年來為民進黨掌麥助選，這次卻轉身投入藍營。讓北漂的家人，回到高雄就業，韓國瑜救經濟的訴求，吸引到不少的支持者，也希望這鼓力量，化為實際的選票翻轉高雄。",2018-10-22 13:32:00+08:00,EBC東森新聞,https://tw.news.yahoo.com/抽中籤王-韓國瑜車隊掃街-民眾路邊紛比讚-053200211.html
百年土地公上香祈福 陳學聖提五不原則,"【綜合報導】普悠瑪列車出軌意外舉國震驚如同國難，令社會大眾、競選團隊及陳學聖本人都感到十分沉痛。陳學聖本人第一時間得知消息後，旋即透過臉書表示哀痛，同時宣布暫停及取消今日與競選相關之活動，一早陳學聖前往中壢永福宮拜拜，為普悠瑪號事件的受難者祈禱，願傷者平安，亡者安息，並重申今日五不原則。
截至目前為止，普悠瑪列車出軌意外已造成傷亡共計205人，其中18人死亡，187人受傷，而受傷乘客中有10人重傷。競選辦公室主任武久齡表示，委員已暫停22日所有競選行程，只前往有百年歷史的土地公上香，為普悠瑪號出軌意外傷亡者祈禱上蒼庇佑。
武九齡說，22日一早就緊急指示競選幹部及同仁暫停相關競選活動，但台鐵意外事故發生突然，部分活動涉及人員廣泛以至於無法於第一時間取消，但主辦單位及參與人員對台鐵重大意外事故均有所悉，因此一切活動從簡，改以聚會祈福方式進行。
武九齡強調，委員對於意外事故造成的傷亡表示沉痛，特別指示同仁若受邀代表出席例行性活動，務必遵守五不原則，「不穿競選背心、不發競選文宣、不懸掛競選旗幟、不造勢拜票、不喊競選口號」。
此外，有關捐血事宜，昨晚委員也透過Line群組號召同仁挽袖捐血，呼籲同仁睡飽睡足才能捐血，雖然衛福部一早發新聞稿表示血庫不缺血，但同仁還是很熱血，紛紛響應捐血活動，希望能為意外受傷的旅客盡棉薄之力，未來如有缺血情形，也會在第一時間發動捐血。",2018-10-22 13:17:44+08:00,民眾日報,https://tw.news.yahoo.com/百年土地公上香祈福-陳學聖提五不原則-051744093.html
侯友宜客家後援總會成立！誓言拓展客文化據點,"國民黨新北市長參選人侯友宜昨（21）日宣布成立「厚友誼新北市客家後援總會」並表示，若當選新北事長，將持續深耕客語教學，並將客家文化園區第二期結合在地生態景觀，形成「三鶯人文藝術廊道」，更打造美食、工藝與文創商品的客家街廓，成為交流客語和客文化的親切場域。
侯友宜致詞時指出，自己客家語講得不好，但客家朋友從不苛責他，這是因為自己懂「客家鄉親想要什麼」；且新北市是第1個成立客家網路電台的地方政府，未來也會持續開拓客家文化創新並保留傳統，結合客家文化園區第二期在地生態景觀打造「三鶯人文藝術廊道」，並結合美食、工藝與文創商品的客家街廓，凝聚客家族群的歸屬感。
國民黨新北市長參選人侯友宜舉辦「厚友誼新北市客家後援總會」。（侯友宜總部提供）
侯友宜說「客家人重情重義重友誼，就像侯友宜永遠抱持的正向力量，他會一起帶著客家人樸實、盡責的硬頸精神，為國家創造繁榮。」
而對於民進黨新北市長參選人蘇貞昌日前說，侯友宜不會講客家語。侯則回應，語言並不是問題，而是大家願不願意走再一起，為客家族群打拼，客家朋友相信他這七年多來站在一起的努力，如客家網路電台、客語推行委員會，未來他還會在客家鄉親的建議下拓展客文化據點。
針對前總統馬英九強調「直轄市應該辯論」。侯友宜表示，在還沒辯論前，很多的政策要先說清楚，這樣才有辦法去談論辯論的形式與方向；且自己從沒拒絕辯論，只是希望先將政策的態度說清楚。（推薦閱讀：TVBS民調》侯友宜支持度50%，蘇貞昌30%，新北市長選舉差距拉大）
國民黨新北市長參選人侯友宜強調，客家朋友相信他這七年多來的努力，如客家網路電台、客語推行委員會，未來也會在客家鄉親的建議下拓展客文化據點。。（侯友宜總部提供）
 
相關報導● 悲！普悠瑪翻覆 侯友宜向玄天上帝祈福● 賴清德諷「沒牙齒怎塗氟」挺蘇貞昌 侯友宜：賴揆打臉自家政策",2018-10-22 13:15:20+08:00,風傳媒,https://tw.news.yahoo.com/侯友宜客家後援總會成立-誓言拓展客文化據點-051520710.html
選不過別人就栽贓韓國瑜是黑道？ 孫大千：綠營比小學生還幼稚,"【民眾新聞網綜合報導】民進黨立委段宜康昨在臉書表示，國民黨主席吳敦也認為看中韓國瑜打人的本事才提名他選高雄，「下次乾脆提名殺過人的」。對此，國民黨籍前立委孫大千表示，因為選舉選不過別人，就乾脆栽贓韓國瑜是一個黑道，這簡直比一個小學生還要幼稚，更指出民進黨奇妙的「黑道邏輯」：
 
邏輯一，因為韓國瑜在立法院曾經毆打過陳水扁。照這個邏輯，民進黨有80%的立法委員都是黑道。
 
邏輯二，因為韓國瑜認識羅福助。照這個邏輯，在立法院曾經跟羅福助共事的立法委員，都有可能是黑道。那麼，認識陳哲男的人，都是貪污犯嗎？認識陳致中的人，都是嫖客嗎？
 
邏輯三，韓國瑜曾在24年前，因關說被拒，挾怨報復逼走好官僚。這種含血噴人的烏龍指控，到現在也完全提不出相關的人事時地的資訊。照這個邏輯，民進黨從執政以來，大量的逼退政府內有藍營色彩的政府官員，那麼民進黨的高層通通都是黑道了嗎？
 
邏輯四，韓國瑜曾經陪同黑道小弟出面自首投案。其實，這根本就是許多民意代表常常提供的選民服務。照這個邏輯，那麼這些民意代表也通通都是黑道了嗎？
 
孫大千認為，如果民進黨在高雄執政了20年，最後選舉還選不過一個「黑道」，那麼民進黨的政治人物還不如一頭去撞死算了，或者，也可以考慮吞曲棍球自盡。

【Yahoo 帶你看風向 由你看真相】Yahoo新聞2018高雄選戰專輯看韓國瑜完整政見、民調聲量看陳其邁完整政見、民調聲量六都市長綜合民調
相關新聞影音",2018-10-22 11:07:13+08:00,民眾日報,https://tw.news.yahoo.com/選不過別人就栽贓韓國瑜是黑道-孫大千-綠營比小學生還幼稚-030713635.html
普悠瑪翻覆釀百死傷 韓國瑜「這舉動」網友狂讚,"台鐵昨（ 21 ）日下午 4 點 50 分傳出普悠瑪列車翻車意外， 6432 次樹林開往台東的普悠瑪，在冬山=蘇澳新站間發生列車出軌事故，有超過 6 節車廂翻覆，造成 18 人罹難、 187 人輕重傷。前總統馬英九當時正在宜蘭輔選，得知消息後主動取消宜蘭支持特勤的警力，讓宜蘭警消可以全力投入救災。此外，國民黨高雄市長候選人韓國瑜今（ 22 ）日凌晨也於臉書發文，下午將至高雄捐血中心，為傷者盡一份心力。

韓國瑜昨晚間表示，傍晚在行程當中得知普悠瑪列車的嚴重事故，心中的震驚與難過無法形容，感嘆道「我知道任何善後都無法挽回這些珍貴生命，唯能祈願逝者安息、傷者平安」，並希望當局盡快完成救援工作、釐清真正的事故原因以杜絕後患。

▲國民黨高雄市長候選人韓國瑜。（圖／ NOWnews 資料圖片）

韓國瑜指出，這場意外傷者超過百人，血庫一定告急，呼籲各方好友能和他一起挽起袖子獻血相助。今凌晨他再度透過貼文表示，難過震驚之餘，也希望能透過自己小小的力量，為普悠瑪列車事故盡一份心力，並預計今下午前往高雄捐血中心，最後祈福傷者們一切平安。

網友們紛紛回應「我在美國，買好機票了，回高雄投票給你」、「響應韓總，今天我也要去捐，宜蘭人留」、「韓總加油辛苦了！」「韓國瑜市長，謝謝您」、「為站在第一線的工作人員加油，為傷者祈福，韓總加油」；不過也有網友指出「新聞說現在不用捐血，庫存夠用，現在捐是浪費」、「血有保存期限，現在捐是浪費，請多多宣導」。
更多 NOWnews 今日新聞報導 影／普悠瑪翻覆意外 救災人員：看見父母對子女的愛 影／普悠瑪傾倒車廂已扶正 檢方逐車搜索採證調查",2018-10-22 10:28:45+08:00,今日新聞NOWnews,https://tw.news.yahoo.com/普悠瑪翻覆釀百死傷-韓國瑜-這舉動-網友狂讚-022845881.html
黃偉哲競選總部開幕 蔡英文、賴清德合體造勢,"選戰倒數一個多月，民進黨台南市長候選人黃偉哲競選總部週日（21日）開幕，總統蔡英文、行政院長賴清德還有立法院長蘇嘉全等綠營重量級大咖齊聚，力挺黃偉哲。民進黨在最後階段強調團結凝聚人氣，現場氣氛相當熱絡。
滿滿支持者將現場擠得水洩不通，民進黨台南市長候選人黃偉哲競選總部開幕，綠營重量級大咖南下齊聚。
送上包粽好彩頭，行政院長賴清德還有立法院長蘇嘉全，一左一右牽起黃偉哲的手，將氣氛炒到高點。
總統蔡英文也壓軸現身，以黨主席的身分高聲疾呼，希望綠營支持者團結力挺黃偉哲，一定要守住台南綠地。
傳達對台南鄉親的誠懇和熱情，黃偉哲的城市願景館也在同一天開幕，展現他為大台南擘劃的未來藍圖。
黃偉哲說：「天時地利都有了台南欠的是人和，欠一個要為大家規畫未來城市願景的市長，咱有信心讓工廠搬進來（發展），讓我們的年輕人都能搬回來。」
文化首府、產經重鎮、智慧新都、創生城鄉與希望家園，黃偉哲五大政見主軸，要讓世界看見台南。
（民視新聞／廖錦雄 台南市報導）",2018-10-22 10:17:52+08:00,民視,https://tw.news.yahoo.com/黃偉哲競選總部開幕-蔡賴合體造勢-010907084.html
讚韓國瑜打扁 扁怒批吳敦義得意囂張,"政治中心／台北報導
國民黨主席吳敦義日前到花蓮縣輔選表示，當年韓國瑜當立委，打陳水扁那次，「我很認同跟敬佩，認為他允文允武，最適合當高雄市長」，對此，前總統陳水扁今（22）日在臉書「新勇哥物語」批評這是吳的「災難政治學」，吳的得意囂張之情溢於言表，「還真的以為他提名韓國瑜參選高雄市長贏定了」。
▲陳水扁回憶當年被揍事件，無奈的說「我是幫榮民在講話」。（圖／三立新聞）
陳水扁說，吳敦義把25年前的打人事件拿出來捧為文武雙全的英雄看待，「是非不明，黑白不分，不是很可怕嗎？」他回憶，1993年5月，韓國瑜因不滿他的發言，不只大動作翻桌，還推倒他導致受傷住院，事隔一天，有幫派分子聚集到立法院，衝突場面導致10多人受傷掛彩，韓國瑜遭到質疑找黑道兄弟助陣，風波一度越演越烈。
陳水扁表示，韓國瑜後來道歉，「我願意為我肢體衝突，向陳水扁委員致歉」，他無奈的回應，「我是幫榮民在講話」，因為他是對政府的榮民就養照護問題向退輔會提出質詢，認為「不能把榮民當豬養，不能說榮民是豬」。而韓聽到「豬」就抓狂，陳水扁說，這跟他小時候家裡養豬賣錢供給讀書，生活經驗完全不同。  
更多三立新聞網報導綠保13縣市搶新北 藍目標11縣市韓國瑜爆黑史 他：乾脆提名殺過人的韓揍扁吳敦義讚允文允武 陳致中怒了為何韓國瑜選高雄？吳敦義爆當年揍扁",2018-10-22 09:30:31+08:00,三立新聞網 setn.com,https://tw.news.yahoo.com/讚韓國瑜打扁-扁怒批吳敦義得意囂張-005031925.html
重提曾被韓國瑜推倒住院 扁轟：還真以為高雄市長贏定了,"國民黨主席吳敦義日前到國民黨花蓮縣黨部，替議員、鄉鎮長等各級首長民代候選人幹部加油打氣時，提到國民黨高雄市長候選人韓國瑜1993年當立委時，曾因不滿陳水扁發言推倒對方一事，誇讚那一戰讓他很肯定韓國瑜「允文允武」。此事讓陳水扁氣炸，他今天(22日)在臉書上痛批吳敦義居然「鼓勵暴力」，並狠酸「還真的以為他提名韓國瑜參選高雄市長贏定了，得意忘形的囂張之情溢於言表。」
1993年5月立法院國防委員會審查榮民改革相關預算，時任立委的韓國瑜因不滿陳水扁發言，於是衝過去翻倒陳水扁的桌子，還用左手打了陳水扁一巴掌，陳水扁因此住院3天。吳敦義20日重提此事，並稱韓國瑜打陳水扁那一次「我很認同跟敬佩」，誇讚韓國瑜允文允武。

對此，今天陳水扁說「我不相信吳敦義主席會講鼓勵暴力的話！？我也不相信吳敦義主席會認為，當年韓國瑜公然在國會殿堂打阿扁打到住院是對的！？」他直指吳敦義此舉根本是「災難政治學」的表現，並狠酸「還真的以為他提名韓國瑜參選高雄市長贏定了，得意忘形的囂張之情溢於言表！竟把25年前的打人事件拿出來捧為文武雙全的英雄看待！是非不明，黑白不分，不是很可怕嗎？！」
陳水扁解釋當年自己就政府的榮民就養照護問題向退輔會提出質詢，認為「不能把榮民當豬養，不是說榮民是豬」。他指出，韓國瑜聽到「豬」就抓狂，「這跟阿扁小時候家裡養豬賣錢供給讀書，生活經驗完全不同！」

《TVBS》提醒您：
◎拒絕暴力 請撥打113
◎反霸凌專線：0800-200-885
◎尊重身體自主權 請撥打113、110

2018全台選戰風雲 TVBS最新大數據分析

更多 TVBS 報導5月讚高雄今喊衰退挨轟！館長：8月淹大水「現形記」 韓國瑜抽中「籤王」1號 高喊：沉睡20年巨人站起來 「你們大人多噁心！」韓國瑜小編嗆翻2名嘴 網封新學姐",2018-10-22 08:47:53+08:00,TVBS新聞網,https://tw.news.yahoo.com/重提曾被韓國瑜推倒住院-扁轟-還真以為高雄市長贏定了-004753522.html
高雄反併吞大遊行 陳其邁：這三件事，讓國際都關注台灣,"結合本土社團舉行的反併吞的萬人遊行，陳其邁與民進黨議員候選人全員到齊。（圖片來源／陳其邁競選辦公室）
民進黨與本土社團20日在高雄世運大道，舉辦「反併吞、護台灣；反介入、顧高雄」遊行活動，高雄市長候選人陳其邁擔任壓軸演講時指出，最近有三件事情讓全世界都在看台灣，關注台灣的選舉、台灣人民的智慧。
美中貿易戰、中國在南海擴軍改變世界秩序
第一件事就是美中貿易戰，陳其邁說，美國總統川普上任後，跟中國在關稅與貿易的磨擦，連帶對整個亞洲的經濟，都產生很大的影響。過去很多台商前往中國，造成台灣失業問題，現在都陸續回來台灣。美中貿易衝突，世界秩序已經改變，很遺憾台灣卻還有人在寄望中國市場。
因應台商回流，陳其邁指出，高雄有橋頭科學園區，還有華邦電總共3350億元的投資案，如何讓高雄的經濟更好、台灣更好，這是一個機會，壯大高雄的經濟，絕對可以帶動整個台灣的經濟發展。
第二件事就是中國在南海的軍事設施，引發國際反感，還有軍艦、軍機騷擾台灣外海，以武力恐嚇威脅台灣，這些都嚴重影響亞太地區、南海自由航權、印度以及東南亞的區域安全與和平。
假消息是中國企圖破壞台灣民主
年底選舉，是引起全世界都在看台灣的第三件事。陳其邁說，這次選舉有很多假新聞、假消息，很多都是中國的新聞農場，這些假消息在自由的網路世界流傳，像他的臉書，還有很多候選人都遭到中國五毛黨的攻擊，每天都在澄清，還澄清不完。
陳其邁表示，這種假消息、假新聞源源不斷，有些人不知道這不是事實，也沒有時間去了解狀況，很容易就受到假消息的影響，這不只嚴重侵害選舉的公平，更是中國企圖破壞台灣的自由民主。因此，全世界都在看，要看台灣人的智慧，要看高雄人的選擇。
陳其邁強調，這是鞏固民主的關鍵時刻，台灣曾經走過艱苦與血淚的民主反對運動，31年前美麗島事件發生在高雄，許多黨外運動的前輩，還遭到國民黨舖天蓋地的抹黑，高雄人還是勇敢支持，高雄是台灣的民主聖地。
美國之音與BBC各有解讀
這場結合本土社團舉行的反併吞的萬人遊行，陳其邁與民進黨議員候選人全員到齊，立委鍾孔炤、劉世芳、李昆澤、邱議瑩、邱志偉、管碧玲、許智傑、林岱樺、趙天麟等，也全都到場力挺，展現民進黨的團結氣勢。
陳其邁強調，高雄是台灣的民主聖地，高雄人最清楚台灣走到今天的自由民主，歷經千辛萬苦，一定要捍衛得來不易的自由民主體制，大家一起用行動、用選票，為台灣後代子孫，堅決拒絕中國的併吞野心。
美國之音（VOA）和英國廣播公司（BBC）等外媒，也高度關注20日的2場反併吞遊行，包括在台北由喜樂島聯盟發起的活動。BBC報導說，喜樂島聯盟、民進黨的兩場「反併吞」大遊行，表面上是南北呼應，但實質上凸顯綠營分裂，高雄選情吃緊的局面。
美國之音則指出，過去兩年中國頻頻在台灣周邊進行軍事演習、限制中國遊客到台灣旅遊人數、使台灣5個邦交國斷交等打壓手段，讓台灣人民覺得需要站出來，向中國的欺凌大聲說「不」。
沒運動也會有「網球肘」？復健科醫師：8撇步擺脫疼痛
1號韓國瑜有「5個」農會相挺 藍營國師預測2號陳其邁當選

【Yahoo 帶你看風向 由你看真相】Yahoo新聞2018高雄選戰專輯看韓國瑜完整政見、民調聲量看陳其邁完整政見、民調聲量六都市長綜合民調",2018-10-22 08:33:52+08:00,信傳媒,https://tw.news.yahoo.com/高雄反併吞大遊行-陳其邁-這三件事-讓國際都關注台灣-003758596.html
白狼現身侯友宜鶯歌場 侯辦急劃清關係,"國民黨新北市長候選人侯友宜在鶯歌幫議員候選人站台，沒有想到統促黨的總裁張安樂也到場，主持人還特別介紹，不過侯友宜辦公室緊急發聲明強調，是里長帶到現場，他們不歡迎也拒絕張安樂出席侯友宜的任何競選活動。
 
支持者：「侯友宜，當選！」
 
侯友宜到鶯歌出席聯合競總活動，民眾熱情喊凍蒜，侯友宜也續打假牙議題。
 
國民黨新北市長候選人侯友宜：「新北市對假牙議題也有照顧。」
 
台上講的慷慨激昂，不過這台下卻有個意外嘉賓。
 
主持人：「介紹一下貴賓，我們中華統一促進黨總裁，張安樂張總裁也蒞臨現場，掌聲鼓勵一下。」
 
主持人特別介紹統促黨總裁張安樂，還起身舉起雙手和在場民眾打招呼，這現身侯友宜的競選活動，難道是表達力挺。侯友宜也知情嗎？
 
但侯友宜競選辦公室緊急發聲明澄清，說統促黨以及相關人士是由統促黨籍的里長候選人擅自帶來現場，侯友宜不歡迎也拒絕統促黨張安樂，出席侯友宜的任何競選活動。
 
強硬切割，就怕再被和黑道扯上關係，之前就傳出他的中和競總顧問團副團長劉振南，有黑道背景。
 
國民黨新北市長候選人侯友宜：「厚友誼，一起走，大家掌聲一下。」
 
侯友宜辦公室，馬上和白狼劃清界線，不讓爭議持續過大。
 
更多 TVBS 報導賴朱2020前哨戰？新北大戰 藍綠輸不得踩賴老家？狂跑萬里 侯嗆：我比賴經營多統促黨涉違政治獻金法 北檢再傳張安樂

【Yahoo 帶你看風向 由你看真相】Yahoo新聞2018新北選戰專輯看侯友宜完整政見、民調聲量看蘇貞昌完整政見、民調聲量六都市長綜合民調",2018-10-22 08:01:07+08:00,TVBS新聞網,https://tw.news.yahoo.com/白狼現身侯友宜鶯歌場-侯辦急劃清關係-000107560.html
社評：柯文哲的「台灣商品論」想說給誰聽,"柯文哲在接受外媒專訪時說，在美國和中國的對抗之間，台灣不過就是架上的商品，台灣不能高估自己，必須設法提升自己的價值；而美國總統川普「當然」可能出賣台灣。這番台灣「商品論」遭到質疑失言之後，柯文哲隨即表示，「這哪有甚麼失言？難道講我們是世界上最偉大的國家，美國中國都要聽我們的？」
這番話其實卑之無甚高論。誰不知道台灣早已成為中美兩大國角力之下的槓桿？誰不知道台灣的當務之急正是持盈保泰、不斷地提升自己的價值？問題只在於柯文哲作為首都市長，也是被視為有極高可能性參選台灣總統的人，他對於台灣的處境與認識是什麼？以這樣的方式在這樣的時機對《彭博》如此闡述，是一件適當的事嗎？
關於美國是否可能把台灣當成籌碼，出賣台灣？的確為不少台灣人所關心，也曾有諸多正反不同的討論。20天前，本報論壇就曾刊出楊光舜的《守護台灣 就是美國的國家利益》以及杜心武所寫的《美國是否棄台 關鍵在台灣有沒有抵抗中國的意志與能力》，對這種「疑美論」有所交鋒。儘管雙方對於川普的個人理性，以及美國未來的國力發展各有不同的預測，不過對於中美台關係已經出現「典範轉移」其實看法一致。在美中交往模式從過往30年的「交往」轉換成「圍堵」甚至「對抗」的模式下，台灣有多少空間「不選邊站」、「保持中立」，實在不無疑問。
一件核心問題是：如果在中美「交往」模式下，美國對台灣的安全承諾都未曾動搖，那在中美「對抗」模式下，台灣有什麼理由一天到晚擔心自己變成「貨架上的商品」被出賣？更何況，台灣這艘麥克阿瑟口中永不沈沒的航空母艦，就位在西太平洋第一島鏈的正中間，它扼住美國在亞洲最重要盟邦日本的生命線，衝擊南海的自由貿易，如果美國疏離台灣，將中國海軍暢行無阻的地出入西太平洋，威脅關島甚至美國本土的安全………
從這個角度來講，台灣並不需要「膨脹」自己，也不是「實力不夠，講太多話會被人家笑」，而只要彰顯在過去30年來在國際政治上被壓抑與低估的價值即可。如果把中美台三方關係當成一個賽局來看，川普是現在發牌的人，最不智的是中共，它死硬地將台灣當成自己的「核心利益」，讓川普這位「商人總統」得以在貿易戰與台灣牌之間使出兩手策略，不斷地訛詐中方讓步；最聰明的正是蔡英文現在的作法，她不尋釁、不生事、不標榜，默默地接受兩強相爭之下的國際政治紅利，也讓中共對台灣的「制裁」師出無名。
從川普當選之初的「川蔡通電」，到之後的一系列的《台灣旅行法》、《國防授權法》 、《台灣國防評估委員會法案》，以及將來可能出現的《亞洲再保證倡議法案》、《2018台灣國際參與法案》，美國及其國際盟邦（例如歐盟外長罕見地投書台灣媒體呼籲加強與台灣的合作關係）不僅正在加大挺台力道，也正不斷地限縮傳統一個中國的國際解釋空間。
如果對這樣的國際局勢與美國戰略的調整有基本的瞭解，當不會在此刻以「貨架上的商品」來形容台灣。退一萬步言，在這樣的局勢下，台灣能有多少不選邊站的空間？就算現在是國民黨籍的總統，除了順勢而為，他能要求美國國會別通過《台旅法》、《2018台灣國際參與法案》？還是要公開要求美國軍艦別來台海巡弋、B-52轟炸機別在南海繞來繞去？
不會有人認為「台灣是世界上最偉大的國家，美國中國都要聽我們的」，柯文哲這種不願就事論事的説法，選在在選前一個月發布，其實只是用以切割及動員群眾的話術。分析這種「台灣商品論」誰聽了會高興？誰聽了會憤怒？大概就可以瞭解柯文哲在最後階段亟欲動員的選民，也足以預判選後台灣政情的可能走向了！
更多上報內容：",2018-10-22 07:02:00+08:00,上報,https://tw.news.yahoo.com/社評-柯文哲的-台灣商品論-想說給誰聽-230200689.html
韓流在全台發威 韓國瑜和民眾高唱中華民國頌,"在競選活動方面，韓流在全台發威，韓國瑜從台灣頭跑到台灣尾進行輔選，他昨天一整天馬不停蹄，為高雄市黨籍候選人黃天煌、黃紹庭、蔡金晏、黃柏霖、陳玫娟的競選總部成立大會站台，呼籲高雄市民和他一起打拚，擺脫貧窮，打造高雄全台首富。由於各方邀約站台，韓國瑜昨天還前往雲林縣、台南市助選。
由於國民黨在高雄市已經在野二、三十年，近來每個市議員成立競選總部，經過韓國瑜的加持，藍軍總是展現空前旺盛的士氣，每一場造勢大會的人氣爆表，例如黃紹庭成立競選總部的大會，初估湧進會場的支持群眾應該超過5千人，湧進蔡金晏會場的支持群眾則是高達6、7千人，晚上在陳玫娟的場，由於位在以眷村為主的果貿社區，更吸引許多民眾。
韓國瑜在果貿社區向民眾說，如能當上高雄市長做得亂七八糟，「我自己也不會原諒我自己」，因為他非常愛惜名譽、非常愛惜面子。
高雄果貿社區民眾展現十足的誠意，光是進場就動員10名以上自動幫忙的義勇軍開路，演講時，台下的婆婆媽媽們頻頻拿著手機拍照，一名婦人看到有空檔，伸手希望能和韓握手，韓國瑜來者不拒，結果引發不小騷動，許多婦人立即一擁上前頻頻喊「我也要!我也要!」最後不得不再動用義工，隔開熱情的民眾，讓台上的演講者得以順利演講。
最後，韓國瑜還和支持者合唱中華民國頌，台下的民眾也感動得大聲唱歌，一名老先生看得很激動直說，已經好久沒有看到這麼熱情的場面了。
更多udn報導影／驚悚！普悠瑪高速過彎撞擊月台噴飛畫面曝光威力彩今開10億頭獎 數據說話…長這樣的人快去買手機夜間模式護眼？醫生：加深疲勞學霸女嫁高富帥男友 連透視婚紗也是「高規格」辣眼

【Yahoo 帶你看風向 由你看真相】Yahoo新聞2018高雄選戰專輯看韓國瑜完整政見、民調聲量看陳其邁完整政見、民調聲量六都市長綜合民調
相關新聞影音",2018-10-22 06:15:36+08:00,聯合新聞網,https://tw.news.yahoo.com/韓流在全台發威-韓國瑜和民眾高唱中華民國頌-221536950.html
客家義民祭 柯文哲、丁守中同框拚人氣,"「台北客家義民嘉年華」重頭戲挑擔踩街活動昨天登場，由5000多人組成的踩街隊伍，一早浩浩蕩蕩從總統府前的凱達格蘭大道出發，一路上又是舞龍舞獅、又是花布打傘，還有沙灘車遊行，氣氛相當熱鬧，今天上午9時在客家文化主題公園還有「送神大典」，象徵義民嘉年華的落幕。
由北市府舉辦的客家義民嘉年華，是台北市客家鄉親一年一度的重頭戲，今年適逢「還我母語運動」30周年，因此今年以「歡慶團圓，大家來講客」為主題，以食衣住行育樂六區隊，總計超過5000人參與。有人打扮成蚌殼精，有人則是客家花布來裝飾，還有國旗假髮、豹紋、女僕裝等，為台北街頭帶來嘉年華的氣息。
台北市長柯文哲擔任挑擔領隊，一路從凱達格蘭大道走到客家文化主題公園，路途總長3公里，不少民眾難得近距離看到柯文哲，紛紛要求合照。
由於今年剛好是選舉年，不僅柯文哲、客委會主委李永得等人出席，國民黨台北市長候選人丁守中、市議員吳志剛、郭昭巖、秦慧珠、簡舒培、厲耿桂芳等人也出席，不少人甚至還穿著競選背心，也讓這場客家義民嘉年華多了選舉味。
為爭取客家鄉親支持，柯文哲還罕見的用客語問候。被問到是不是第一次說客家話，柯笑說，過去念新竹中學，同學有一半是客家人，當時布袋戲很流行，變成客家人都講閩南話，變成自己不會講客家話。
丁守中昨天一早就到凱達格蘭大道，遇到不少熱情支持者高喊凍蒜，還有人高舉大拇指，要丁守中加油。丁守中說，母親是客家人，大家都曉得，客家團隊都很支持他。
更多udn報導影／驚悚！普悠瑪高速過彎撞擊月台噴飛畫面曝光威力彩今開10億頭獎 數據說話…長這樣的人快去買手機夜間模式護眼？醫生：加深疲勞學霸女嫁高富帥男友 連透視婚紗也是「高規格」辣眼

【Yahoo 帶你看風向 由你看真相】Yahoo新聞2018北市選戰專輯看柯文哲完整政見、民調聲量看丁守中完整政見、民調聲量看姚文智完整政見、民調聲量六都市長綜合民調
相關新聞影音",2018-10-22 06:15:36+08:00,聯合新聞網,https://tw.news.yahoo.com/客家義民祭-柯文哲-丁守中同框拚人氣-221536754.html
柯文哲接連失言 丁守中、姚文智、李錫錕砲轟,"市長選戰攻防激烈，台北市長柯文哲卻連連失言，前天酸「台女不化妝上街嚇人」，行動競總「開進」公園被罰，昨天竟說 「法令不太切實際」，遭競選對手猛批。
台北市長民進黨候選人姚文智批柯蠻幹，視法律於無物；國民黨候選人丁守中則指柯帶頭違規違法，說一套做一套，將來執政絕對是獨裁。無黨籍候選人李錫錕認為柯看不起世界一半的人口，失言又失格。
柯文哲前天在北投七星公園舉辦舉辦行動競選總部開幕園遊會，不料因改裝過後的卡車行動競選開進公園，演講時還喊出競選口號，被北市府公園處認定違法，總共吃下6張罰單，被罰4.8萬元。
柯文哲昨說，這代表台北市政府太公正執法，也表示目前法令不切實際。一開始問「他們」可不可以，回說可以，後來又說不可以，「太奇怪了」。我們都要求人民守法，但訂出來的法律應是可以遵守的，包括最近討論條通文化，也不符合土地分區使用管制，這些都表示法律需要大修。
媒體追問，是否被罰後才覺得法令要修改？柯答不是，並舉大彎北段、內湖五期、社子島為例，指要嘛不要訂，訂了就要遵守，結果訂了不能遵守，又變成「有關係沒關係，沒關係有關係」，演變成複雜的政商關係。
柯文哲拋出「修法說」，姚文智表示，柯市長拆別人東西，就說「法律不是給你參考」，但碰到自己的事情卻一犯再犯，被開罰單、一罰再罰，還把罰單當租金，照樣在那裡喊凍蒜，視法律於無物。
對於柯文哲批評台女不化妝上街嚇人，丁守中不表認同。丁昨說，台灣女孩子質樸自然就是美，柯文哲太虛假了，而且把女性物化。自己絕對不會講這麼沒水準的話，大家對柯文哲太寬容。
李錫錕批評柯的「台女說」，是農業社會用土地為生產核心的偏見，工業社會男女貢獻都一樣。柯的發言不僅汙辱媽媽、姊姊、妹妹，還汙辱台灣1000萬以上的女性。
更多udn報導影／驚悚！普悠瑪高速過彎撞擊月台噴飛畫面曝光威力彩今開10億頭獎 數據說話…長這樣的人快去買手機夜間模式護眼？醫生：加深疲勞學霸女嫁高富帥男友 連透視婚紗也是「高規格」辣眼

【Yahoo 帶你看風向 由你看真相】Yahoo新聞2018北市選戰專輯看柯文哲完整政見、民調聲量看丁守中完整政見、民調聲量看姚文智完整政見、民調聲量六都市長綜合民調
相關新聞影音",2018-10-22 06:15:36+08:00,聯合新聞網,https://tw.news.yahoo.com/柯文哲接連失言-丁守中-姚文智-李錫錕砲轟-221536031.html
韓國瑜到台南為議員盧崑福站台 婦女高喊「媽媽愛你」,"國民黨高雄市長候選人韓國瑜果然超人氣，21日到台南市幫市議員盧崑福站台，所到之處，不僅受到支持民眾層層包圍，「韓國瑜、我愛你」的呼叫聲更是不絕於耳。甚至有婦女高喊「媽媽愛你。」韓國瑜則幽默回應，「我已經結婚了。」
熱情的民眾都說，韓國瑜談吐幽默、魅力十足，尤其超人氣媲美當年的馬英九，將會是國民黨的新希望。
當被問到是否會變成國民黨內另一顆太陽，韓國瑜則開玩笑說，「那國民黨需要一個后羿，把其他太陽都射下來，因為這個地球不可能有那麼多太陽。」
韓國瑜也呼籲南台灣不要再搞政治，不要再搞意識型態，大家一定要團結，讓南台灣勝選。他如果當選高雄市長，要把南台灣變成一個共同生活圈，就努力賺錢，全力發展經濟。
更多新聞推薦
● 普悠瑪超速翻車 台鐵局長：駕駛關閉ATP自動防護系統",2018-10-22 00:00:26+08:00,台灣好新聞報,https://tw.news.yahoo.com/韓國瑜到台南為議員盧崑福站台-婦女高喊-媽媽愛你-160026969.html
同框蘇貞昌「劃清界線」 林義豐：我非綠色,"無黨籍的台南市長候選人林義豐，今天(21日)到新北市為民進黨籍的議員站台，卻意外和蘇貞昌同框。兩個人熱情握手，林義豐還稱讚蘇貞昌在新北市做得很好，不過也許是怕被支持者誤會，他趕緊澄清說不是同框就代表挺綠，還強調自己沒被摸頭。

林義豐、蘇貞昌，兩人意外同框，蘇貞昌先是拍了一下林義豐的肩再握手，林義豐還大力稱讚他。

同框蘇貞昌看起來很麻吉，來幫朋友的兒子站台，不過就怕被誤會自己挺綠，Carzy Friday下一秒馬上澄清。

乾笑了三聲，聽得出來，這一席話讓站在一旁的蘇貞昌有點尷尬。不在意同框被劃清界線，蘇貞昌還稱讚Crazy Friday辦的電音趴。

蘇貞昌：「我報告一下，會來新北市辦一場(電音趴)，他辦的電音流行電音趴，真的是『真正』的電音趴。」

這話是在酸對手侯友宜辦的電音趴，不夠正港嗎？

電火球和Carzy Friday意外同框，一舉一動也有濃濃政治味。

更多 TVBS 報導賴朱2020前哨戰？新北大戰 藍綠輸不得 台南市長選舉 黃偉哲1號、高思博2號 搶板橋、三重票倉！ 「蘇貞昌、賴清德」同框造勢",2018-10-21 23:32:17+08:00,TVBS新聞網,https://tw.news.yahoo.com/同框蘇貞昌-劃清界線-林義豐-我非綠色-153217256.html
陳其邁為普悠瑪車禍死傷者默哀 取消明日所有公開行程,"[新頭殼newtalk] 民進黨高雄市長候選人陳其邁晚間發布新聞稿指出，對於台鐵普悠瑪號今日傍晚發生的不幸事件，他在得悉的第一時間，感到相當悲痛。
陳其邁並在林園後援會成立現場，與全場市民朋友以默哀一分鐘方式表達哀悼，為傷者祈福，也請家屬節哀保重。同時暫停所有競選活動，取消明日所有公開行程。
陳其邁說，這是國家重大交通意外事故，希望全國能團結一致，並願傷害降至最低。他與團隊將持續掌握狀況，並向第一線所有救難人員致敬。",2018-10-21 22:29:38+08:00,新頭殼,https://tw.news.yahoo.com/陳其邁為普悠瑪車禍死傷者默哀-取消明日所有公開行程-142938274.html
普悠瑪意外 丁守中明日競選活動暫停並呼籲民眾踴躍捐血,"【綜合報導】台鐵普悠瑪列車在宜蘭新馬車站出軌，造成嚴重死傷，國民黨台北市長候選人丁守中宣布，明（22）日將暫停競選活動，讓社會資源充分投入救災，並衷心祝禱受傷民眾盡快脫離險境，他也呼籲台北民眾能踴躍捐血。
有捐血習慣的丁守中在臉書呼籲，目前血庫吃緊，希望大家明早捲起袖子，踴躍捐血。他也表示，普悠瑪列車翻覆非常罕見，期待有關部門務必運用人力資源，全力搶救善後。
丁守中也宣布22日將暫時停止競選活動。並希望政府全力進行救災和撫卹工作。",2018-10-21 22:27:07+08:00,民眾日報,https://tw.news.yahoo.com/普悠瑪意外-丁守中明日競選活動暫停並呼籲民眾踴躍捐血-142707908.html
普悠瑪事故！陳其邁「默哀」表哀悼,"政治中心／綜合報導
今（21）日，普悠瑪列車翻覆釀成嚴重死傷意外，政府機關動起來，全力救災，高雄市長候選人陳其邁也宣布暫停所有競選活動，並向第一線的救難人員致上敬意。
▲普悠瑪號發生嚴重翻覆意外。（圖／中央社）
普悠瑪6432次列車在今下午發生翻覆意外，過半的車輪脫離軌道，有乘客自行從傾斜車體爬出，衣服沾有血跡，坐在路邊等待救援。只不過，有乘客受困車內，到院前已明顯死亡。發生此次憾事，總統蔡英文也立即指示行政院等部會，全力搶救傷者。
▲陳其邁宣布取消所有競選活動。（圖／資料照）
對此，高雄市長候選人陳其邁宣布暫停所有競選活動，並取消明日所有公開行程，他也在林園後援會成立現場，和民眾以默哀1分鐘的方式表達哀悼。陳其邁表示，這是國家重大交通意外事故，盼全國能團結一致，願傷害降到最低，陳其邁團隊會持續掌握狀況，並同時向第一線救難人員致敬。（編輯：廖俐惠）
●傷亡名單查詢電話：（03）9365027轉1803
●蘇榮醫院：（03）9905106
●聖母醫院：（03）9544106轉7170
●博愛醫院：（03）9543131轉1130
●陽大：（03）9325192轉11301
●仁愛醫院：（03）9355366
●宜蘭捐血站：宜蘭縣宜蘭市擺厘路16-7號／（03）9325544
●台北捐血中心各捐血地點及流動捐血車服務時間地點查詢：https://goo.gl/xYwnjS
●全國各捐血點查詢：https://goo.gl/fSBvfh
更多三立新聞網報導花蓮站擠滿人！旅客免費接駁資訊看這普悠瑪翻覆釀死傷 查詢傷亡名單看這北台灣車主遭殃！不合格加油站名單曝總統下達三指示 明前往宜蘭探視傷患
相關新聞影音",2018-10-21 22:25:30+08:00,三立新聞網 setn.com,https://tw.news.yahoo.com/普悠瑪事故-陳其邁-默哀-表哀悼-142530379.html
青年論壇辯論 姚文智左談太陽花 右打柯文哲「台灣商品論」,"民進黨台北市長候選人姚文智今（21）日出席多所大學學學生會共同主辦的「雙北市長青年論壇」，提出青年議題政策。面對學生提問住宿、勞權、食安等問題，他主張將學生和學校視為一個有機體，需要和市政府建立一個整合的合作機制。同時，姚文智也再批評唯一缺席的候選人柯文哲，不面對青年和大眾的疑問。
候選人交叉提問時，無黨籍候選人李錫錕提問太陽花學運成功是否讓柯文哲收割成果？姚文智表示，太陽花的可貴之處在於對民主價值的實現，年輕朋友有鑑於國民黨的威權遺緒，要把台灣當成商品出賣，站出來捍衛民主自由的；而柯文哲也有相同問題，認為台灣是川普的商品。
無黨籍李錫錕提問太陽花學運成功是否讓柯文哲收割成果？（陳品佑攝）
姚文智說，當初整個社會波瀾壯闊的改變選出柯文哲，認為他可以為台北帶來改變，但四年後發現都是假的，這次選舉不一定再佔領立法院，只要把過去的太陽花精神拿出來檢驗每個市長候選人就可以。
現場觀眾提問婚姻平權議題，姚文智說，只有他連署社民黨召集人范雲提出多元性別友善城市公約，讓同志登記婚姻是他一直以來的價值，市長的責任就是如何達成這個生活，公投還沒有共識，他未來會持續協助。
姚文智在總結則表示，透過這個辯論讓大家了解他對城市的思考，他習慣在面對問題時用跨界的方式來思考，例如智慧城市悠遊卡升級，透過電子支付、電子經濟、指尖經濟等科技結合，落實志工銀行等議題目標。
姚文智也說，這個城市不是只有價格 、也不是貨架上的商品，而是要思考作為一個人的終極價值，以及台灣社會的終極目標是什麼，人權、自由、民主該如何伸張，透過實現價值來轉換解決各種社會問題。姚文智指出，他所提到的學園城市就是其中一個方式，藉由各種組織機構的合作，全面改善青年學生在台北的生活。（推薦閱讀：台灣民意基金會民調》藍升綠降！支持民進黨的台北市選民剩16.9%）
姚文智（由左自右）、吳萼洋、李錫錕、丁守中出席雙北市長青年論壇。（陳品佑攝）
 
相關報導● 「柯文哲成為中間淺綠的替代品」施正鋒：當初若推賴清德，情況可能不同● 民進黨北市支持度4年來最慘 游盈隆：市議員選舉岌岌可危
【Yahoo 帶你看風向 由你看真相】Yahoo新聞2018北市選戰專輯看柯文哲完整政見、民調聲量看丁守中完整政見、民調聲量看姚文智完整政見、民調聲量六都市長綜合民調",2018-10-21 22:16:03+08:00,風傳媒,https://tw.news.yahoo.com/青年論壇辯論-姚文智左談太陽花-右打柯文哲-台灣商品論-141603472.html
難逃落選？鄉民分析韓國瑜最少拿73萬票 輸5-8萬票 ,"11 月底九合一選舉將至，國民黨高雄市長候選人韓國瑜與民進黨陳其邁陷入激戰，外界好奇高雄是否可能綠地變藍天？對此， PTT 有網友分析韓國瑜可能贏的行政區及票數，引發熱烈討論。

網友分析韓國瑜可能獲勝的行政區包括左營、楠梓區：年輕人多，眷村仍有一定勢力；鼓山區：靠內惟眷村衝多高，但機率低過左營；新興、前金、苓雅區：傳統高雄中高收入區，也是文教區，公教人員較多；岡山、鳳山區：眷村票，但隨著眷村改建，影響力已經不如以往。

該鄉民指出，這 11 個行政區韓國瑜看來是穩拿的，可能還會連內門區一起拿下，但就算拿下這些區，「陳其邁還是會以 81 萬 4267 票，勉強守住高雄，至於韓國瑜能拿多少票，大概是 73 萬 3595 票到 75 萬 7537 票這個區間；也就是說，韓國瑜最後可能還是會輸 5-8 萬票。」

▲韓國瑜茄萣行受到鄉民熱烈歡迎。（圖／記者許高祥攝，2018.10.20）

鄉民表示，韓國瑜想翻盤，「只能期待 2008 年總統票投謝長廷的那些人不是死了就是搬走了」，或是高雄這個城市比大家想像的更無情，連那些在 2008 年那種狀況下都還繼續投謝長廷的，這次也跑來轉投韓國瑜。

鄉民分析年底選戰大致會有幾種結果，假設陳其邁大勝拿下 60% ，韓粉都是國民黨的網軍，就與 2016 年大選結果差不多。若陳其邁拿下 57.5% ，結果可能是韓國瑜左營小勝、甲仙也是如此。如果陳其邁拿下 55% ，那麼藍綠拿下的區還是一樣。

其次，陳其邁若拿下 52.5% ，國民黨可能拿下美濃、楠梓、還有鼓山。如果藍綠平手，左營不用到 60% 就可以平盤，代表韓國瑜沒拿下杉林、岡山、前金、新興、苓雅、鳳山的話，就可宣布落選感言。反之，若韓國瑜 52.5% 小勝，陳其邁則會輸掉路竹、永安、彌陀、鳥松、三民、鹽埕、前鎮、六龜、內門等區。
更多 NOWnews 今日新聞報導 影／普悠瑪翻覆18人罹難 宜蘭縣府協助處理後事 蔡英文前往蘇澳榮總 探視普悠瑪翻車意外傷者",2018-10-21 21:51:34+08:00,今日新聞NOWnews,https://tw.news.yahoo.com/難逃落選-鄉民分析韓國瑜最少拿73萬票-輸5-8萬票-135134941.html
悲！普悠瑪翻覆 侯友宜向玄天上帝祈福,"台鐵普悠瑪列車今（21）日下午發生出軌翻覆事故，造成18死、148人輕重傷。國民黨新北市長候選人侯友宜晚上在參拜時特別向玄天上帝祈福，希望在普悠瑪翻車意外中受傷者能夠平安，亡者能夠安息。
侯友宜競選總部稍早也宣布取消明日所有行程。
侯友宜今日晚上參加玄天上帝文化季，擔任此次北中南兩岸三地會香活動主祭。侯友宜表示，他首先與玄天上帝祈求國泰民安，對於剛剛發生的嚴重的普悠瑪列車意外還有人受困當中，因此他向玄天上帝祈求受困以及傷者能夠平安，也希望玄天上帝能以庇護眾生，讓一切平安順遂。
台鐵普悠瑪列車在北迴鐵路蘇澳鎮新馬車站發生翻覆。（陳品佑攝）
普悠瑪列車在北迴鐵路蘇澳鎮新馬車站發生翻覆，造成重大傷亡。（陳品佑攝）
侯友宜前往公寓大廈社區服務協會會員大會，他特別向大家報告普悠瑪列車翻覆造成重大傷亡的訊息，全場氣氛也隨即嚴肅起來。（推薦閱讀：碰的一聲列車就翻了！普悠瑪列車事故 8節全出軌多車廂變形嚴重）
侯友宜向會員表達歉意，簡短致詞後隨即離去。
普悠瑪列車在北迴鐵路蘇澳鎮新馬車站發生翻覆，造成重大傷亡（陳品佑攝）
相關報導● 驚！台鐵普悠瑪列車宜蘭翻覆 18人不幸罹難、約148人輕重傷● 6年車齡剛做大保養卻翻車 台鐵局長表示原因了解中
普悠瑪脫軌翻覆意外普悠瑪宜蘭脫軌 百人死傷 雙線不通普悠瑪車長尤振仲重傷 送羅東聖母醫院普悠瑪列車事故 旅客：有多次異常急煞普悠瑪翻覆 議員驚爆：輾到東西才翻車雙線中斷 花東返鄉旅客擠爆北車櫃檯
今日最夯新聞流量前3名警告小編別再出現 她被酸爆注意！95汽油出包 這狀況會賠為辦簽證 驚知老婆可能是妹妹
＿＿＿＿＿＿＿＿＿＿＿＿＿＿
有話想說？歡迎投稿>>>【Yahoo論壇】",2018-10-21 21:27:29+08:00,風傳媒,https://tw.news.yahoo.com/悲-普悠瑪翻覆-侯友宜向玄天上帝祈福-132729146.html
姚文智：肯定柯市長投入普悠瑪救災,"政治中心／綜合報導
普悠瑪列車今（21）日16時50分6432次由樹林開往台東的普悠瑪列車，行經宜蘭蘇澳新馬車站時發生翻覆意外，目前消防單位盡力搶救中，目前已知有18人罹難。
▲普悠瑪列車發生事故，全力搶救中。
民進黨台北市長候選人姚文智在臉書上表示，取消今晚所有競選活動，政治沒有比救人重要，「身為立委，我全力支持政府的救災工作，身為市長候選人，我肯定柯市長願意投入救災。」。
▲普悠瑪列車於宜蘭蘇澳地區翻覆。
民進黨立委段宜康也說，「救人第一，其他不多說了！」。
▲民進黨台北市長候選人姚文智。
更多三立新聞網報導搭出事班次三年 她今提早下車逃一劫哀普悠瑪事故 486先生捐200萬普悠瑪事故 旅客最高理賠250萬台鐵普悠瑪事故 10390人受影響",2018-10-21 21:25:29+08:00,三立新聞網 setn.com,https://tw.news.yahoo.com/姚文智-肯定柯市長投入普悠瑪救災-121533497.html
普悠瑪翻車 蘇貞昌、陳其邁、姚文智取消選舉行程,"台鐵普悠瑪號21日在宜蘭發生嚴重事故，造成死傷，民進黨縣市長候選人晚間紛紛宣布今晚及明天選舉行程取消。同樣取消行程的台北市長參選人姚文智也表示，肯定市長柯文哲願投入救災。
民進黨提名包括原先已公布行程的新北市長候選人蘇貞昌、高雄市長候選人陳其邁，傍晚都緊急宣布明天競選相關行程全取消。（推薦閱讀：驚！台鐵普悠瑪列車宜蘭翻覆 18人不幸罹難、約148人輕重傷）
原訂晚間要出席議員競總成立的民進黨台北市長候選人姚文智，也宣布取消行程，他也在臉書表示，政治沒有比救人重要，身為立委，他全力支持政府的救災工作，身為市長候選人，他肯定柯市長願意投入救災。
相關報導● 碰的一聲列車就翻了！普悠瑪列車事故 8節全出軌多車廂變形嚴重● 6年車齡剛做大保養卻翻車 台鐵局長表示原因了解中
普悠瑪脫軌翻覆意外普悠瑪宜蘭脫軌 百人死傷 雙線不通普悠瑪車長尤振仲重傷 送羅東聖母醫院普悠瑪列車事故 旅客：有多次異常急煞普悠瑪翻覆 議員驚爆：輾到東西才翻車雙線中斷 花東返鄉旅客擠爆北車櫃檯
今日最夯新聞流量前3名警告小編別再出現 她被酸爆注意！95汽油出包 這狀況會賠為辦簽證 驚知老婆可能是妹妹
＿＿＿＿＿＿＿＿＿＿＿＿＿＿
有話想說？歡迎投稿>>>【Yahoo論壇】",2018-10-21 21:15:50+08:00,風傳媒,https://tw.news.yahoo.com/普悠瑪翻車-蘇貞昌-陳其邁-姚文智取消選舉行程-131550484.html
《黑金》認證？《黑金》一書作者筆下的韓國瑜是....,"[新頭殼newtalk] 資深媒體人曾韋禎21日在個人臉書爆料指出，根據旅美學者陳國霖在2004年於台灣出版的著作《黑金》，裡面就有提到黑道從政，韓國瑜與林明義的打人事件，就是台灣黑道染指立法院的重大里程碑！
曾韋禎痛批，「這種上世紀最黑暗的篇章，難道要讓他們在1/4世紀後，再死灰復燃，重新染黑台灣」？
高雄市長選情出現激烈網路攻防，來自國民黨候選人韓國瑜的非典型競選。國民黨主席吳敦義更驚爆為何提名韓國瑜的真正理由，「因為韓國瑜當年在立法院毆打陳水扁」，讓他感到認同跟敬佩，並肯定這是允文允武的行為。
曾韋禎指出，「韓國瑜陣營以及韓粉們，也不能老是怪大家挖出韓過去打人、幫黑道圍事、為了私人請託踐踏官員、惡質抹黑同黨同志、率先提出賭場設置條例等黑歷史」。
他同時強調，「沒有這些黑歷史，就不會有今天的韓國瑜；而且韓國瑜現在的所作所為，與他當年做的事也都差不多」。
曾韋禎同時於臉書貼上《黑金》相關的168至170頁。出版商「商周」在介紹這本書提到，本書「詳盡且直接」披露黑道人物介入政治的過程，同時評述台灣商界人物與政治掛鉤的手腕與狀況，內容直言無隱，非常驚爆。
此外，出版簡介也提到，本書以國民黨失去政權的2000年大選為焦點，作者並取得內政部警政署刑事局，與國立台北大學犯罪學研究所專家的協助更新內容，以完整面貌問世。此外，這本書出版兩年後，中國跟著出簡體版《黑金:台湾政治与经济实况揭秘》。
陳國霖在《黑金》一書，細說台灣各幫派的興起源頭，發展過程，乃至於最後介入政治、商業的現狀，包括羅福助、吳桐潭、天道盟、竹聯幫、松聯幫、四海幫、陳啟禮、張安樂......，台灣所有赫赫有名的組織犯罪首領，都曾經接受過作者陳國霖的專訪。
《黑金》作者陳國霖，籍貫廣東新會人，1960年代初台灣大學商學系畢業後赴美留學。1999年初獲美國國家科學基金會的資助研究撰寫《Human snakes : Illegal Chinese immigrants in America》一書。同年此書由李灩波譯成中文《偷渡美國》。
 ",2018-10-21 21:12:38+08:00,新頭殼,https://tw.news.yahoo.com/黑金-認證-黑金-書作者筆下的韓國瑜是-131238569.html
廖先翔設選總辦音樂會 侯友宜獻唱小叮噹相挺,"[新頭殼newtalk] 有別於傳統舉辦造勢大會，新北市議員第10選區（汐止、金山、萬里）候選人廖先翔今（21）日以舉辦音樂會、不談政治的方式成立競選總部，邀請國民黨新北市長候選人侯友宜到場，還當場出考題，邀侯合唱卡通歌「小叮噹 (哆啦A夢)」，象徵兩人當選後能跟小叮噹一樣，可以滿足新北市民的願望；侯雖唱得離離落落，台下民眾仍熱情鼓舞，場面逗趣。
礦工第三代的廖先翔是資深議員廖正良之子，這次接棒參選，主張「不同的政治從不同的選舉開始」，表示以往民眾厭惡選舉的原因，多是候選人為了使用一些惱人的宣傳方式干擾民眾的日常生活，例如傳統的廣告宣傳車、大分貝的造勢活動以及放鞭炮等等，這次廖先翔在自己的選舉都不採用。
今天下午廖先翔成立競選總部，捨傳統造勢，改辦「樂聲‧翔起」音樂會，現場不動員、不造勢，希望以音樂帶給民眾快樂心境的全新感受，侯友宜、國民黨新北市黨部主委李乾龍及台北市立委李彥秀都到場支持。
侯友宜致詞時，打趣說廖先翔如此優秀，其父廖正良早就該交棒了，上次就不該再做4年；最後侯不忘替自己2號與廖先翔5號拉票，爭取支持。廖先翔則拿出「小叮噹」歌詞，請侯友宜合唱，侯當場接招，雖然不熟練，唱得離離落落，不過侯難得開金口獻唱，且是唱卡通歌，場面逗趣引來不少笑聲，獲在場民眾鼓勵。
至於為何請侯友宜一起選唱「小叮噹」？廖先翔說，因為大家都對這部卡通相當熟悉，每當卡通內的人物遇到困難時，小叮噹總是能拿出他的法寶來解決大家的問題，因此希望侯友宜也能變成新北市民的小叮噹，變出市民所需要的建設，解決市民遇到的困難。",2018-10-21 20:41:04+08:00,新頭殼,https://tw.news.yahoo.com/廖先翔設選總辦音樂會-侯友宜獻唱小叮噹相挺-124104324.html
不滿名字被利用！周玉蔻怒批韓國瑜22歲小編「沒禮貌」,"國民黨高雄市長候選人韓國瑜的小編王律涵，近日親上政論節目辯論，年僅22歲的她完全不怕綠營老鳥圍剿，面對抹黑一事更狠嗆「你們這些大人真的很噁心」，網友紛紛封她為新學姐。不過當天也在現場的媒體人周玉蔻，卻在隔天的另一節目怒批韓國瑜小編「講話沒禮貌又粗魯」，當天明明沒跟她對到話，名字卻被利用。

周玉蔻昨晚上節目《新台灣加油》聊到韓國瑜小編一事，強調自己不屬於任何陣營，更描述在錄影現場時「我感覺到小編，一個才22歲世新畢業的女孩子，她就講了非常多非常非常不禮貌的用詞，而且根本就是詞窮、就是在吵架，就是跟陳政聞、還有在場的其他人吵架」，還提到自己完全聽不懂她在講什麼東西，只認為她談吐有待加強，才會在現場說「韓國瑜，你不要把年輕人給帶壞了」。

周玉蔻更抱怨錄影隔天，媒體報導的節目片段「那個女孩子就講了一句你們這些大人很噁心，因為她好像在跟陳政聞吵架。她就說你們好噁心，大人又老又窮，我就說妳不要人身攻擊，就是這一段。」不滿新聞播出角度竟用「韓國瑜小編是新學姐、學姐戰名嘴成功」，直批「我當時並沒有跟她對話，但我的名字就被利用了！」

最後，周玉蔻也怒言「不要牽涉到我，因為這件事情，我是去參加節目，不是去拉抬什麼小編的。」更對小編撂下狠話「我先警告，像這種小編妳不要再出現，我也不會跟妳對壘。」此段對話曝光後，立刻引起網友熱議，不少網友留言「小心被告 coco姐可是台灣最清流的名嘴呢」、「明明當時參戰節目，什麼沒跟她對到話，阿姨要吃銀杏了」、「氣pupu」。

2018全台選戰風雲 TVBS最新大數據分析
更多 TVBS 報導擁有18年民進黨齡！ 「鑄劍大師」郭常喜表態挺韓國瑜 鄉民圖文分析：這6區沒拿下韓國瑜可以宣布敗選 高嘉瑜要吳音寧跟韓國瑜辯論 網友驚：這算幫忙嗎？",2018-10-21 20:37:03+08:00,TVBS新聞網,https://tw.news.yahoo.com/不滿名字被利用-周玉蔻怒批韓國瑜22歲小編-沒禮貌-011937837.html
張桂綿競選總部成立戰旗飄揚 陳學聖、吳志揚呼籲「票票入櫃」,"蘆竹區市議員候選人張桂綿今(21)日競選總部成立，上千位民眾到場支持，現場高朋滿座，展現出大竹大團結，桃園藍營重量級人士也都到場站台。張桂綿表示，這次競總成立沒有動員、沒有包車，對遠道而來的的鄉親，她的心裡只有感謝與感動，也鼓勵支持者們幫忙拉票，當她的「最佳助選員」。
上午9點張桂綿大竹區競選總部舉辦成立大會，包括市長候選人陳學聖、立委吳志揚、前立委陳根德、前市民代表會主席林振捷等人皆前來站台相挺，揮舞戰旗並贈送「好菜(彩)頭」、「包粽」、「凍蒜」預祝選情順利成功，也呼籲前來支持的鄉親，呼朋引伴1124「票票入櫃」，議員票投4號張桂綿、市長票投2號陳學聖。
一早就到場站台的陳學聖表示，當初任桃園縣黨部主委就慧眼識英雄，鼓勵張桂綿參選市民代表。這次他選市長，張桂綿選議員，抽到4號代表「事事如意」、一定「順利成功」。
吳志揚指出，四年前張桂綿沒能當選，讓人非常惋惜，「錯過一次不能再錯過第二次」，而且大竹地區是非常好的地方，享有航空城的外溢效應，捷運在蘆竹也有好幾站，所以應該選認真做事的人加速地方發展。
張桂綿表示，感謝競選團隊和所有支持群眾，自己雖然沒有現任議員的資源，但團隊的每個人都義氣相挺，用的是真心、一步一腳印為選民服務。大竹是桃園住宅生活品質最好的地方，應該建設得更好更進步，現在人口越來越多，但交通、教育、長照都有待改善，只要1124當選，將努力爭取各項福利。
張桂綿提到，這次競總成立沒有動員、沒有包遊覽車，反而看到一些阿姨、阿桑坐公車，下車後再走路來到大會現場為她加油，甚至跟她說，「不用你包遊覽車啦，我們走路也能到」。她哽咽的說，看到鄉親那麼用心支持，心裡只有感謝與感動，也更該努力打贏這場選戰。
張桂綿也說，自己是大竹在地人，因此第一個競選總部就設在大竹，但為了讓支持者免去舟車勞頓，將在10月28日成立南崁區競選總部。
更多新聞推薦
● 普悠瑪超速翻車 台鐵局長：駕駛關閉ATP自動防護系統",2018-10-21 20:01:50+08:00,台灣好新聞報,https://tw.news.yahoo.com/張桂綿競選總部成立戰旗飄揚-陳學聖-吳志揚呼籲-票票入櫃-120150223.html
韓國瑜若敗選的下一步是？PTT網友瘋狂討論3條路,"韓國瑜從立委、北農總經理，一躍成為參選高雄市長的知名政治人物，且支持度與陳其邁互有拉鋸，引爆高雄藍營選情。網路上正反兩方討論不休，有人開版詢問若韓國瑜敗選的下一步會是什麼，最可能是選黨主席、選總統、選立委，引發不少人加入討論。

根據台灣世代智庫公布的最新民調，陳其邁暫時以39.8%，領先韓國瑜的32.5%。貼文網友指出，從民調看來，就算是偏綠的智庫，也顯示韓國瑜在左營楠梓等區是領先，「萬一韓這次在高雄輸了，也希望他能繼續在高雄駐點，然後去參選左楠區的立委，勝算應該很高」，並提議可以一邊當主席，一邊在高雄選立委，網友非常看好韓的募款與助選能力。

但也有人認為這其實是個假議題，因為「基本上這個假設成立機率太低」，認為韓國瑜勝選機率大，目前變數就看「KMT的豬隊友們在最後3X天幫他敗票」，並說「只要KMT豬隊友沒犯錯韓就穩贏了」。

底下網友討論熱烈，有人認為韓若選上高雄市長，依他個性應該不會去選黨主席，但若選輸，黨主席極可能就是下一個目標。也有人分析，韓若選輸高雄，六都中國民黨可能只剩新北，到時候吳敦義可能得負責任辭去黨主席，因此韓國瑜挾人氣聲勢競選，黨主席應該是囊中物。

討論中贊成反對都有，有人提到，若韓國瑜真的被拱選總統，「不知道朱立倫、吳敦義作何感想？」、「選輸市長還想選立委，是做夢嗎？」、「未來當名嘴更好，好賺好罵又爽」。

看討韓國瑜若選輸下一步論區請點這

看這是個假議題討論區請點這

2018全台選戰風雲 TVBS最新大數據分析

更多 TVBS 報導柯總部在公園開幕 姚人多：違法帶頭喊修法蠻棒的 羞！韓國瑜北漂雲林站台 地方媽媽趁亂摸手 柯文哲若連任...2020又選總統 過半市民不支持",2018-10-21 19:35:12+08:00,TVBS新聞網,https://tw.news.yahoo.com/韓國瑜若敗選的下-步是-ptt網友瘋狂討論3條路-100937277.html
青年論壇 姚文智提設青年事務發展局,"（中央社記者王揚宇台北21日電）民進黨台北市長參選人姚文智今天在一場論壇說，學校作為有機體，關於學生的權益，應該建立解決機制，例如他主張成立青年事務發展局，提供對話與協助學生的就學、就業等問題。
由多所大專院校學生發起的雙北市長青年論壇（台北場），今天於台灣大學綜合教學館舉行；姚文智、國民黨台北市長參選人丁守中、無黨籍台北市長參選人李錫錕及吳蕚洋出席，台北市長柯文哲缺席。
青年代表就相關在外打工、租屋、食安、就業、產業發展等問題，問今天與會的參選人解決方法。
姚文智認為，青年學子所碰到的食衣住行等問題，其實是跟城市發展息息相關，尤其過去大家認為校園是封閉的、是教育部管的，這樣的觀念應該要調整。
姚文智表示，學校作為有機體，學生相關權益，包括打工、租房子跟市府怎樣來互動等，他希望建立一個機制，讓學校或學生會等，跟市府有對話、協商的窗口。
姚文智主張，當選市長後，他要成立青年事務發展局，這個機構要去面對台北或者是台灣世代問題，協助青年朋友的職涯發展、國際交流等，也包括今天青年朋友提問的打工、租屋權益等問題，就像他提出的青年租屋津貼政策，也可以透過這個局與都發、住宅部門共同推動。
姚文智也說，怎樣讓學生、新的世代力量注入這座城市，變成活力，這都是他對城市的想像。
在青年就業、職涯發展議題上，姚文智說，台北市產發基金應該更靈活運用，或成立新的創投基金，協助年輕人創業。
像是產業轉型部分，台北市要加快腳步，例如他主張推動大規模公辦都更，自己估算，只要認真推動，可創造出的上中下游產值達新台幣17兆元，這不僅在創造內需市場，年輕朋友也能加入改造行列。（編輯：李亨山）1071021",2018-10-21 19:34:41+08:00,中央社,https://tw.news.yahoo.com/青年論壇-姚文智提設青年事務發展局-113441746.html
青年論壇 丁守中：促進北市經濟發展,"（中央社記者黃麗芸台北21日電）「雙北市長青年論壇」今天登場，中國國民黨台北市長參選人丁守中提出將設立青年發展局和都市更新局，以促進北市經濟發展，並批台北市長柯文哲缺席是不敢面對青年學生。
由北部為主的全台20所大專院校、學生團體所發起的「雙北市長青年論壇」今天在台灣大學舉辦，5名台北市長參選人有4人參與，獨缺柯文哲。
丁守中會後受訪時表示，自己原本就在台大擔任教授，所以對學生提問很習慣，自己是全力、充分回答，至於表現如何就交由學生來打分數。
稍早，會中各校代表陸續針對學區租屋違法問題、青年打工的勞動環境改善、校園店家食安和周邊交通問題，請參選人分別進行論述；現場提問則請教如何看歧視機車政策和婚姻平權問題。
丁守中表示，台北市政府可作為平台，針對學校周邊出租公寓進行安全檢查及整合資料，依消防公安標準進行等級篩選，且要提供相關保險；對於學生打工應加強勞動檢查，並由北市府擔任媒合平台，讓打工和未來生涯規劃結合，及早做好進入職場準備。
談到校園食安，丁守中指出，店家廚師要有丙級以上廚師專業證照，因其中包含食品衛生專業知識和訓練，且要加強店家查核和保險，以補足做食安檢查雙重機制。
他補充，北市公共運輸市占率約40%，相較全球大都會的80%至90%是瞠乎其後，若當選後將力推低於新台幣900元的吃到飽公共運輸月票；此外，可運用車聯網技術，在路邊布建即時預警系統。
詰問時間，無黨籍台北市長參選人李錫錕和吳萼洋分別詢問，是否認為太陽花學運是青年覺醒里程碑，以及如何提高青年薪資問題等。
丁守中表示，太陽花學運是特定時空環境下的產物，許多政策及在地狀況如何存其利去其弊，是需要檢討，若上任將成立青年發展局及兩岸協調委員來協助中央政府處理；另將成立都市更新局，全面推動都更獎勵，成為帶動經濟發展的火車頭，加強招商引資、創造年輕人就業。
談到婚姻平權問題，丁守中說，他尊重每人愛的選擇，也對有情人終成眷屬給予最大祝福，但若要修改民法恐較多阻力，主張應用專法保障較佳。（編輯：李亨山）1071021",2018-10-21 19:13:40+08:00,中央社,https://tw.news.yahoo.com/青年論壇-丁守中-促進北市經濟發展-111340725.html
賴清德蘇嘉全南下輔選黃偉哲 (圖),"民進黨台南市長參選人黃偉哲（前中）21日舉辦競選辦公室成立大會，行政院長賴清德（前左）、立法院長蘇嘉全（前右）都到場站台。
中央社記者張榮祥攝 107年10月21日",2018-10-21 18:50:49+08:00,中央社,https://tw.news.yahoo.com/賴清德蘇嘉全南下輔選黃偉哲-圖-105049037.html
打臉侯友宜 馬：直轄市長最好辯論,"政治中心/新北報導
選戰倒數三十多天，新北市長辯不辯論背後關注，原於今（21日）下午三時登場的《雙北青年論壇新北場次》，因為國民黨新北市長候選人侯友宜拒絕而破局，其他不論媒體舉辦或對手蘇貞昌屢邀約辯論也被拒絕。氣得蘇貞昌競選辦公室嗆侯拒絕檢驗、愧對市民，沒想到侯友宜今也被同黨前總統馬英九打臉，媒體提問「直轄市長選舉應不應該辯論？」馬英九回答，最好要辯論。
▼▲侯友宜迴避辯論話題勤跑基層爭取支持。（圖／中央社）
今下午2點，前總統馬英趕赴新北市土城區為新北市議員候選人黃永昌站台，媒體問馬英九「直轄市長選舉應不應該辯論？」馬英九表示，應該由參選人安排辯論；接著媒體又問「應該要辯論？」馬英九回應，最好是這樣。但隨後也抵達現場的侯友宜，雖未停下腳步受訪，媒體趁其與和民眾打招呼之際，詢問馬英九認為應該要辯論，但侯友宜始終不願回應，直到離開。
而在六都之中，台北市因市長候選人同意辦理辯論會者未達2/3，不辦公辦辯論會。新北市2名市長候選人登記時，電視政見發表會，一人勾選一輪式、一人勾選辯論式，也未達同意門檻，確定不辦公辦辯論會。桃園市長選舉五人都同意參加公辦政見會辯論；台中市民進黨林佳龍、國民黨盧秀燕登記參選也勾選同意辯論。高雄市部分，民進黨的陳其邁表示願與對手韓國瑜公開辯論，但各方邀約韓國瑜都簽了同意書，但陳其邁沒有簽，藍營質疑「公開辯論喊假的」。至今只有台南市長選舉辯論確定本月廿七日舉行，其他五都尚未定案。
▲前總統馬英九認為「直轄市長選舉最好要辯論」。（圖／資料照）
 
 
更多三立新聞網報導侯鶯歌競總成立 驚見張安樂坐前排侯友宜懼辯論？他：因為都模仿蘇貞昌有風險就不辯論？六都恐僅台南能辦成侯友宜不辯論？李俊俋：這是厚臉皮",2018-10-21 17:55:40+08:00,三立新聞網 setn.com,https://tw.news.yahoo.com/打臉侯友宜-馬-直轄市長最好辯論-081534777.html
陳其邁重申高雄重要地位 呼籲選民站出來,"高雄市長候選人陳其邁今（21）出席議員競選活動時表示，高雄在台灣的發展中，在政治和經濟上都一直扮演著重要角色。無論是當年的美麗島事件、到前幾天美國海軍的科研船來到左營軍港，都證明著高雄在台灣民主發展、區域穩定，以及亞太地區經濟的中心地位。

▲陳其邁誠懇的向鄉親拜託支持，也要讓表現優異的康裕成、邱俊憲高票當選，議會過半。（圖／記者蔡佳宏翻攝,2018.10.21）

陳其邁指出，目前的世界局勢正在進行調整，高雄的選舉，代表著高雄人的選擇，全世界都在看。陳其邁呼籲鄉親用選票告訴全世界：高雄作為台灣門戶，已經準備好了，準備跟全世界接軌，也會成為維護亞太安全最穩定的力量。同時也要用智慧來選擇，台灣未來要做為一個和平促進者，還是要走回國民黨的老路。

▲陳其邁強調「高雄不能輸，台灣才會贏！」，獲得現場高雄鄉親熱情支持。（圖／記者蔡佳宏翻攝,2018.10.21）

陳其邁表示，有些人在選市長，一方面說談經濟就好，不要說政治。但一方面卻一直在強調、台獨比梅毒還可怕，根本是做一套說一套，而且刻意忽視高雄的關鍵地位，其實從政治經濟的角度來看，高雄都是台灣的重中之重。陳其邁強調，「高雄不能輸，台灣才會贏。」

最後，陳其邁感性的說，民進黨是懂得反省、願意接受批評的政黨，我們會謙卑繼續帶領高雄進步。作為高雄的在地囝仔，他已經做好承擔責任的準備，也誠懇的向鄉親拜託市長支持2號陳其邁，也要讓表現優異的邱俊憲高票當選，議會過半、市長當選。
更多 NOWnews 今日新聞報導 馬英九飛奔羅東博愛醫院 探視傷者 獨家／普悠瑪翻車 現場乘客直擊：兩名老人飛了出去....",2018-10-21 17:39:38+08:00,今日新聞NOWnews,https://tw.news.yahoo.com/陳其邁重申高雄重要地位-呼籲選民站出來-093938560.html
丁守中、姚文智、李錫錕、吳蕚洋 聯手痛批柯文哲不辯論,"由各大學學生會主辦的「雙北市長青年論壇｣21日在台灣大學綜合教學館舉辦，國民黨台北市長候選人丁守中、民進黨候選人姚文智、無黨籍李錫錕、吳萼洋四人都出席論壇，只有現任市長柯文哲因另有行程缺席，四名藍、綠、無黨籍候選人炮口一致，全都集中火力譴責柯文哲不重視下一代。
 
丁守中譴責柯文哲，指出這就說明柯的政策經不起檢驗，靠「網紅」和「學姊｣包裝影片，這些文宣完全經不起批判，政策也都是吹牛的。
 
丁守中說，他今天沒有特別準備來辯論，因為今天跑了十場競選總部成立大會，喉嚨都沙啞了，「沒關係，學生問題辣就辣，就我了解的，和學生理性溝通」。記者提問｢支持柯文哲的網路聲量，能否轉為選票｣？丁守中回答，網路聲量絕對不等於選票，民調也絕對不等於選票，他會一步一腳印，因為大多數中產階級和市民都知道，台北市持續衰退中，一定要加速市政建設與繁榮發展。
 
李錫錕批評柯文哲，缺席就代表柯文哲對下一代完全不重視，他身為首都市長，當青年舉辦這麼有意義的活動，柯文哲卻找藉口溜掉，不接受辯論，也不接受挑戰，是不是任何足以露出他缺點的事，他都不？
 
記者追問，年輕人對柯文哲的支持度高，會不會擔心參加這場對談，也很難影響學生投票意向？李錫錕說，大家都低估年輕人判斷力，他一輩子都和年輕人在一起，他知道年輕人有個特點，不到考試不會用功看書，因為現在還沒投票，學生不會很認真看待候選人，但他對年輕人有信心，等到投票前一兩周，學生一定會慎選，為自己的未來投下神聖一票。
 
姚文智進場前簡短接受媒體訪問，記者提問「柯文哲器官移植爭議」，姚文智回答，他沒有「主打器官活摘」，是質疑柯文哲去中國大陸這麼多次，跟這些人在一起，知不知情？第二是柯文哲可不可以譴責中國大陸的暴行，他也要求記者「收回這個問題 ( 主打器官活摘 )」。姚文智強調，重點是身為市長，可否不斷地說謊，視法律於無物，為何柯文哲不面對社會大眾對他的質疑，不來辯論？
 
吳蕚洋對於柯文哲缺席，表示每個人有他思考的邏輯，「說他逃避，他 (柯) 應該不會說自己逃避，他是『轉進』，好不好」？
 
台灣民意基金會21日公布民調，指出現任台北市長柯文哲的支持度42.1%，遠超過國民黨候選人丁守中和民進黨姚文智的加總，顯現柯文哲在年底勝選的機率非常高，且遙遙領先。
更多 NOWnews 今日新聞報導馬英九飛奔羅東博愛醫院 探視傷者獨家／普悠瑪翻車 現場乘客直擊：兩名老人飛了出去....
相關新聞影音",2018-10-21 17:37:26+08:00,今日新聞NOWnews,https://tw.news.yahoo.com/丁守中-姚文智-李錫錕-吳蕚洋-聯手痛批柯文哲不辯論-093726830.html
吳敦義因韓國瑜「打扁」才提名選高雄？段宜康酸：乾脆提名殺過人的！,"國民黨高雄市長候選人韓國瑜日前遭人爆料，24年前因關說被拒，挾怨報復逼走經濟部中央標準局局長楊崇森。對此，民進黨立委段宜康今（21）日在臉書表示，韓國瑜至今都沒有否認此事，而國民黨主席吳敦義昨指「他（韓國瑜）打陳水扁那一次，我很認同跟敬佩」，政黨竟還以此為傲，直言「下次乾脆提名殺過人的吧！」
九合一大選在即，韓國瑜民調和網路聲量不斷攀升，近日被爆黑歷史，包含質疑混黑道、把前總統陳水扁打到住院等；日前更被文史學者爆料，曾因關說被拒，狹怨報復把人逼走。吳敦義昨更公開「讚揚」韓國瑜當年打陳水扁的舉動，並認為「那一戰讓他很肯定韓國瑜是允文允武」。
國民黨主席吳敦義（右）昨讚揚高雄市長候選人韓國瑜（左）「允文允武」。（資料照，新新聞林瑞慶攝）
對此，段宜康表示，韓國瑜直到現在都沒有否認關說被拒，挾怨報復這件事，另指吳敦義說因看中韓國瑜打人本事，才提名他選高雄市長；段宜康諷「政黨領袖居然以此為傲？下次乾脆提名殺過人的吧！」
吳敦義昨在國民黨花蓮市黨部，談到高雄市長選情，提到韓國瑜任立委時，因審查退輔會預算時，不滿同為立委的陳水扁以「養豬」比喻榮民，氣得毆打阿扁。吳敦義說，「我認同與敬佩他，他允文允武」，所以派買菜、賣菜都很內行的韓國瑜選市長。（推薦閱讀：高雄市長選舉》民進黨英派智庫最新民調：陳其邁領先韓國瑜7.3個百分點）
相關報導● 觀點投書：禿子點亮高雄快樂的燈● 網路霸主地位被韓國瑜動搖？ 柯文哲提「海嘯政治」說",2018-10-21 17:29:58+08:00,風傳媒,https://tw.news.yahoo.com/吳敦義因韓國瑜-打扁-才提名選高雄-段宜康酸-乾脆提名殺過人的-092958970.html
高雄作亞太區政經要角 陳其邁：這場選戰全世界都在看！,"[新頭殼newtalk] 經濟問題一直是今年高雄市選舉的熱門話題，高雄市長候選人陳其邁今（21）天出席活動時表示，無論是台灣民主發展、區域穩定，還是亞太地區經濟方面，高雄都扮演著重要的角色，而全世界的人，都在看這場高雄選戰。
陳其邁以當年的美麗島事件，到前幾天美國海軍的科研船來到左營軍港，證明高雄的政經地位重要，呼籲市民要用智慧來投票，讓台灣未來成為為和平促進者，告訴全世界，高雄已經準備好與全球接軌、成為維護亞太安全最穩定的力量，而不是選擇走回國民黨的老路中。
陳其邁說，有些人選市長只顧經濟，避而不談政治，背後一直強調九二共識，做一套說一套的行為「比梅毒還可怕」，是在刻意忽視高雄的關鍵地位。作為高雄的在地囝仔，陳其邁說自己已做好承擔責任的準備，表示「高雄不能輸，台灣才會贏！我們一定要贏，我們一定會贏！」
延伸閱讀：
高雄選情危急？陳菊：警覺性不足、黨會通盤檢討
新北市政停擺延宕 蘇貞昌：換人比較快！",2018-10-21 17:28:57+08:00,新頭殼,https://tw.news.yahoo.com/高雄作亞太區政經要角-陳其邁-這場選戰全世界都在看-092857466.html
擁有18年民進黨齡！ 「鑄劍大師」郭常喜表態挺韓國瑜,"高雄市長國民黨候選人韓國瑜，昨(20)日替高雄市茄定區市議員候選人鄭東元站台，另外包括音樂才子鄭進一、鑄劍大師郭常喜也到場力挺，首度為選舉站台的鄭進一表示，自己相當欣賞韓國瑜，因此決定替韓國瑜創作競選歌曲，他更強調，只要韓國瑜當選，他就會搬到高雄居住。
 
鄭進一昨天特地南下高雄為韓國瑜站台，他表示自己對政治沒有興趣，但在電視上看到「禿頭」韓國瑜，雖然相當臭屁卻對城市發展很有想法，因此決定跨刀相挺，他也在台上和韓國瑜合唱一曲「舊皮箱的流浪兒」，鄭進一打趣地說，韓國瑜「唱得不錯，有他3歲時的水準」，逗樂台下支持觀眾。至於要替韓國瑜寫歌一事，鄭進一透露目前尚未定案，還會進一步跟韓國瑜討論細節。
 
另外，除了音樂才子鄭進一現身，鑄劍大師郭常喜也到場力挺韓國瑜，據悉，國際知名導演李安電影「臥虎藏龍」中的青冥劍和400多件兵器，全都出自郭常喜之手，長期居住在興達港附近的他，擁有18年民進黨黨齡，但這次卻跳出來力挺韓國瑜，可謂出乎所有人的意料。
 
2018全台選戰風雲 TVBS最新大數據分析
更多 TVBS 報導什麼美食擄獲馬英九？ 他連吃3碗還要打包給美青姐高嘉瑜要吳音寧跟韓國瑜辯論 網友驚：這算幫忙嗎？韓國瑜質疑中選會 孫大千提醒「6要點」絕不能犯錯
高雄市長選情高雄選情 陳菊：警覺性不足 會通盤檢討反併吞大遊行 陳其邁：三件事國際關注韓國瑜若敗選 網分析有「3條路」可走陳其邁深入大路竹固樁 民眾熱情迎接吳音寧與韓國瑜辯論？網：直接宣布當選
＿＿＿＿＿＿＿＿＿＿＿＿＿＿
有話想說？歡迎投稿>>>【Yahoo論壇】",2018-10-21 16:57:15+08:00,TVBS新聞網,https://tw.news.yahoo.com/擁有18年民進黨齡-鑄劍大師-郭常喜表態挺韓國瑜-235922344.html
一早連跑7總部 侯友宜力拼新北中央地方雙贏,"[新頭殼newtalk] 1124大選將至，國民黨新北市長候選人侯友宜今 (21) 天馬不停蹄地一連跑7個競選總部，包含無黨籍議員金中玉、國民黨議員連斐璠、蔡明堂、五股區陳明義聯合競總、泰山區宋明宗聯合競總、蔡健棠、陳錦錠等競總成立大會，與支持者近距離拜票，力拼市長選戰勝利。
侯友宜今天到處替其他候選人站台，他首先前往永和，稱讚議員連斐璠問政溫文儒雅，爭取地方建設也不遺餘力。侯特別提到，永和區這次議員選舉，本來4席縮減為3席，拜託各位鄉親站出來相挺連斐璠。隨後，侯友宜前往三峽，推崇三重議員蔡明堂在議會為三重埔打拚，針對停車場、公園、體育的奉獻，大家都看得見。
緊接著，侯友宜分別趕往五股及泰山，參加陳明義及宋明宗的競選總部成立大會。身為2號候選人的侯友宜，稱讚3號的議員陳明義「好事接2連3」。侯提到，新北市推動為兒童打造社會安全平台的「幸福保衛戰」，感謝陳明義大力協助。另外，侯友宜與宋明宗兩人都是2號，侯表示，兩人要「雙雙對對進議會跟市府」，此外，未來機場捷運A5A站、五股泰山輕軌以及塭仔圳重劃，中央與地方一起努力，讓泰山更好。
最後，侯友宜前往新莊蔡健棠競總成立大會，以及中和陳錦錠競選總部成立大會。侯友宜提到，蔡健棠上次只差200票，重新再出發。未來他會加強托育托老、下新莊的交通、塭仔圳都要發展。而在陳錦錠競選總部，侯友宜稱讚陳錦錠深耕中和幾十年，更提醒支持者「票要催出來，對她的肯定用票，讓她更高票當選！」
不過，在侯友宜跑競選總部的過程中，也發生了些小插曲。統促黨今天突然出席侯友宜鶯歌競選總部成立大會，這讓侯友宜競選總部發言人賴冠群嚴正指出，統促黨及相關人士是由統促黨籍里長候選人擅自帶來現場，非國民黨所邀請。侯友宜也明確表示，不歡迎也拒絕統促黨張安樂及其相關人士出席侯友宜的任何競選活動。
延伸閱讀：
賴清德為蘇站台談假牙 侯友宜：他們是在打自己的臉
侯缺席讓青年論壇辦不成 蘇貞昌：他真的很對不起年輕人",2018-10-21 16:52:18+08:00,新頭殼,https://tw.news.yahoo.com/早連跑7總部-侯友宜力拼新北中央地方雙贏-085218724.html
為陳其邁拉票！ 陳菊：民進黨最困難的時刻,"國民黨高雄市長候選人韓國瑜人氣旺，衝擊民進黨選情，總統府祕書長陳菊今天返回高雄，陪同黨籍候選人陳其邁拜票，拉抬聲勢，陳菊表示，網路假消息假民調頻傳，她說只有民進黨才是民主的推手，她也坦承，目前是民進黨最艱困的時刻，需要選民大力支持。

傳出11位民進黨員宣布支持對手韓國瑜，唯恐效應擴大，陳菊不敢大意，利用假日返回高雄，陪同陳其邁爭取支持。

陳菊：「網路假消息假民調充斥，紛亂時要認清，只有民進黨對民主主張，吃苦才有如今的成果，在民進黨最困難的時刻，請堅持跟民進黨站在一起。」

面對國民黨市長候選人韓國瑜的高人氣，陳菊大打悲情牌，強調民進黨過去的犧牲奉獻，才換來民主成果，並坦言目前是民進黨最艱困的時刻。

陳菊：「12年施政沒辦法100分，很多沒做到，誰接班很重要。需要陳其邁接棒。」

隨著選情越來起激烈，就怕高雄市長翻盤，陳菊幾乎每個禮拜都南下站台助選，打政績宣告吃緊，傾全力為陳其邁拉抬聲勢。

2018全台選戰風雲 TVBS最新大數據分析

更多 TVBS 報導「反併吞」10萬人被打臉 朱學恒酸：阿北園遊會人較多 擔心韓國瑜逆轉勝？ 陳其邁：我沒選上會「影響全台灣」 力挺韓國瑜！花蓮民宿「禿頭半價」 禿得像他直接免費",2018-10-21 16:50:44+08:00,TVBS新聞網,https://tw.news.yahoo.com/為陳其邁拉票-陳菊-民進黨最困難的時刻-085044899.html
賴清德諷「沒牙齒怎塗氟」挺蘇貞昌 侯友宜：賴揆打臉自家政策,"新北市政府近來強調「塗氟顧真牙，勝過裝假牙」，除為市政辯護，也連帶助攻國民黨新北市長候選人侯友宜選情。但行政院長賴清德昨（20）日卻說「沒牙齒怎塗氟」，侯友宜今（21）日則反批，塗氟是行政院衛生福利部推出的政策，直言賴清德在自打嘴巴。
賴清德昨晚為民進黨新北市長候選人蘇貞昌造勢，堅挺蘇貞昌的擴大老人假牙補助政見，並表示財源不是問題；另也反問「我聽到（新北市長）朱立倫說要塗氟，就沒有牙齒要怎麼塗氟？」
侯友宜上午赴五股區為新北市議員候選人陳明義站台，受訪時表示，塗氟是衛福部的政策，新北市是將其擴大用為照顧長者牙齒；賴清德說「沒牙齒怎塗氟」，根本是在自己打自己嘴巴。
賴清德（前左）昨晚在三重挺蘇貞昌（前右），提到「我聽到（新北市長）朱立倫說要塗氟，就沒有牙齒要怎麼塗氟？」（陳品佑攝）
新北市衛生局長林奇宏日前說，氟化物是世衛組織（WHO）公認最經濟、安全、有效的預防齲齒保健措施。而衛福部3月新聞稿指出，學齡前兒童每半年至牙科醫療院所接受專業塗氟、國小學生可搭配校園含氟漱口水計畫等，以有效預防蛀牙。
此外，行政院拍板的「國民口腔健康促進計畫」，規劃未來將提供長者塗氟服務，目前新北市府已率先推行，主打「顧牙齒比換牙齒重要」、「即早保護牙，老來不缺牙」。
至於有人引用資深牙醫師論點，指「塗氟是給小孩，對長者沒有什麼作用」，林奇宏強調，這明顯與全球主流牙醫界觀念不同；依據衛福部心理及口腔健康司指出，塗氟可降低齲齒率46%。（推薦閱讀：「柯文哲現象都是因果！」蘇貞昌：民進黨應該謙卑檢討自己）
 
相關報導● 觀點投書：蘇貞昌的新北選戰只剩假牙政策？● TVBS民調》侯友宜支持度50%，蘇貞昌30%，新北市長選舉差距拉大",2018-10-21 16:43:32+08:00,風傳媒,https://tw.news.yahoo.com/賴清德諷-沒牙齒怎塗氟-挺蘇貞昌-侯友宜-賴揆打臉自家政策-084332622.html
陳菊回防港都！母雞帶小雞力挺陳其邁,"記者翁郁雯、朱韋達／高雄報導
總統府秘書長陳菊回防高雄，力挺陳其邁優質接棒，雙陳合體拉抬高雄市長和議員選情。陳菊痛斥假消息在網路上流傳，卻鬆口認「國民黨利用網路成功」，警覺心不夠，表明選戰還有30多天，相信選舉策略還有調整空間，贏得最後勝利。
▲陳菊帶頭走進造勢會場，就像母雞帶小雞。
總統府秘書長陳菊變身超級助選員回防高雄，陳菊走進造勢會場，民進黨高雄市長候選人陳其邁緊跟在後，就像母雞帶小雞，競選連任的議員及候選人接著隊伍走，陳菊就像火車頭帶著所有人向前衝。
▲造勢現場拿出Q版花媽看板。
拿著Q版花媽火車頭，雙陳在舞台上合體，替候選人優質推薦，喊出接棒列車、議會過半，一個都不能少。
▲民進黨高雄市長候選人陳其邁。
民進黨高雄市長候選人陳其邁：「堅持民主改革的道路，還是要一個我們、在我們民主發展過程裡頭，走回過去國民黨，威權的國民黨重新執政的道路？所以我要拜託大家，這場市長選戰全世界都在看。」
力挺陳其邁接棒傳承，陳菊助選痛斥假消息滿天飛，要選民睜大眼睛，卻對藍營的網路攻勢這麼評論…
▲總統府秘書長陳菊。
總統府秘書長陳菊：「國民黨在利用網路這個部分，他們確實是成功，我們會對整盤的策略，我會相信民進黨在痛中，我們會非常堅定。」
▲陳菊南下力挺陳其邁。
距離投票日剩一個多月，高雄選戰打得緊繃，昔日南霸天回高雄幫忙調整戰略，陳菊繼續打出執政牌助攻選戰。（整理：實習編輯蔡咏恩）
更多三立新聞網報導虧雞福來爹新狂言：2024年選總統韓國瑜爆黑史 他：乾脆提名殺過人的韓大學舊照！網笑虧：有頭髮竟認不出嫌台女惹失言 柯P：我比較白目老實",2018-10-21 16:25:37+08:00,三立新聞網 setn.com,https://tw.news.yahoo.com/陳菊回防港都-母雞帶小雞力挺陳其邁-082537874.html
與陳菊同台催票！陳其邁：「高雄不能輸，台灣才能贏」,"民進黨高雄市長候選人陳其邁今天一早和陳菊合體同台催票，陳其邁要大家記得陳菊的好，也講到高雄在政治和經濟上的關鍵地位。要選民知道民進黨「高雄不能輸，台灣才會贏」，陳菊也痛批假新聞假民調的時代，選民心頭要定不要被影響。
▼（圖／東森新聞）

主持人：「團結顧高雄，議會拚過半。」

貼上陳菊推薦，民進黨高雄市長候選人陳其邁打「陳菊牌」。

民進黨高雄市長候選人陳其邁：「我們的花媽是我們永遠的靠山，在高雄這個地方22年來，我們花媽對高雄的打拚和付出。」

▼（圖／東森新聞）

和陳菊緊拉著手，陳其邁在鳥松後援會成立大會上，要選民記得陳菊的好，而且高雄不能輸。

民進黨高雄市長候選人陳其邁：「高雄不能輸，台灣才能贏，所以其邁這次參選市長，我們一定要贏，我們也一定會贏，對嗎？」
陳其邁說原因就在於高雄是台灣重要之都，不論政治還是經濟角度都是，暗諷台北下來的人刻意忽略高雄關鍵地位。

▼（圖／東森新聞）

民進黨高雄市長候選人陳其邁：「我們要扮演整個亞太經濟發展的一個最重要的中心點，所以有的人要選市長，一方面他在那邊說，說選這個市長講經濟就好、不要說政治。這個人一方面說不要說政治，一方面又說九二共識。」

不只陳其邁，花媽站台也是火力四射幫忙拉票。

總統府秘書長陳菊：「假新聞假民調，在這樣紛亂的時代，我覺得很多人不知道真相是什麼。」

▼（圖／東森新聞）

選戰倒數，陳其邁和陳菊合體催票，講民主政治也講高雄未來，就是希望選民能把票投給陳其邁。

支持者：「陳其邁，凍選！陳其邁，凍選！」

（封面圖／東森新聞）
更多東森新聞報導
●禿頭享半價！民宿業者創意推：長得像韓國瑜就免費
●「虧雞老爹」林義豐挺蘇貞昌 11月新北辦電音趴
●車主停車離開後陷火海 愛車燒成廢鐵」",2018-10-21 16:21:00+08:00,EBC東森新聞,https://tw.news.yahoo.com/與陳菊同台催票-陳其邁-高雄不能輸-台灣才能贏-082100288.html
賴清德為蘇站台談假牙 侯友宜：他們是在打自己的臉,"[新頭殼newtalk] 行政院長賴清德日前為民進黨新北市長候選人蘇貞昌站台時，講到「沒有牙齒要怎麼塗氟」的議題。對此，國民黨新北市長候選人侯友宜今（21）日表示，顧好真牙絕對比換假牙重要，塗氟計畫是衛福部推出來，所以是他們自己打自己的臉。
侯友宜說，行政院去年公告「國民口腔健康促進計畫」中推出塗氟計畫，並表示「真的牙齒比換牙齒重要」，結果蘇貞昌要擴大新北市假牙補助來照顧長者的牙齒，「賴院長和老縣長這樣是打臉自己的政策」。
至於選前倒數34天是否會找來呼聲超高的韓國瑜合體？侯友宜說，任何候選人跟侯友宜，只要有共同的議題和共同的目標，都會緊緊的站在一起，不管是韓國瑜、盧秀燕或是其他的候選人，都會並肩作戰。
另外，針對對手說新北拿了中央七億，結果退回三億，暗諷朱立倫政府不會做事，侯友宜回應，中央長照給付新制的法令配套不足，讓六都都沒辦法執行預算，這筆錢退回最多的是高雄市，退了五億，台北市比例退的最高，是因為中央自己沒有把法令做好。
延伸閱讀：
侯缺席讓青年論壇辦不成 蘇貞昌：他真的很對不起年輕人
高雄選情危急？陳菊：警覺性不足、黨會通盤檢討",2018-10-21 16:19:54+08:00,新頭殼,https://tw.news.yahoo.com/賴清德為蘇站台談假牙-侯友宜-他們是在打自己的臉-081954499.html
韓國瑜、高思博誓言打造「黃金雙子城」 讓南台灣成為最有錢城巿 ,"國民黨台南巿長2號候選人高思博與高雄市長1號候選人韓國瑜，21日一起出席國民黨巿議員盧崑福問政說明會，同框合體，簽署「發展南台灣發財圈」宣言，誓言要讓南台灣成為台灣最有錢的城巿。
得知「會賣菜」的韓國瑜和「經濟博起」的高思博要合作，上千名群眾爭相前來握手、搶拍照，展現高人氣。高思博說，他與韓國瑜目標一致，南、高聯手，把產品賣出去、讓人(觀光客)走進來，要讓南台灣成台灣最有錢城巿，高雄、台南民眾都能過上好日子。
高思博指出，過去南臺灣長期被民進黨把持，長達2、30年都沒有政黨輪替，造成經濟停滯不前、青年北漂、人口外移；除此之外，在社會價值面上，民進黨更是推動一系列顛覆中華民國的舉動。如同婚、滅香與去中華民國化。要改變這個現狀，只有透過政黨良性輪替，讓南台灣開始改變、翻轉。
韓國瑜說，我們要生活過的好，讓北漂子弟有工作，下一代受教育獲得照顧，帶給南台灣新的生活、新的希望。高思博指出，未來當選將攜手打造南台灣成為「黃金雙子城」。兩人合體，簽署「發展南台灣發財圈」宣言，共同發展經濟、觀光與農業行銷，要用經濟贏回民心，從高雄、台南贏回台灣。
 
更多新聞推薦
● 普悠瑪超速翻車 台鐵局長：駕駛關閉ATP自動防護系統",2018-10-21 16:08:01+08:00,台灣好新聞報,https://tw.news.yahoo.com/韓國瑜-高思博誓言打造-黃金雙子城-讓南台灣成為最有錢城巿-080801211.html
蘇貞昌點名新北市府不會做事 侯友宜反嗆：法令配套不足,"國民黨新北市長候選人侯友宜，週日連趕13場全力衝刺，就怕上演4年前「朱游之爭」，選前領先20%、選後險勝1%的驚險。針對蘇貞昌陣營點名，朱立倫市府不會做事，才讓去年（2017年）7億預算用不完、退回中央，侯友宜把問題丟回中央，反嗆是法令配套不足，高雄也是如此。
搬出4年前，朱立倫對決游錫堃的經驗，要大家別太相信民調，危機牌打下去，基層持續搏感情。
侯友宜替現任市議員陳明義造勢，台上站滿里長候選人，要團結催出藍營底層票。因為對手挾著前縣長資歷，每天一問政，一樣是「牙齒保健」，侯友宜力推的塗氟，卻被蘇貞昌酸說長者沒牙要如何執行？
反將敵手一軍，侯友宜表示「顧真牙齒比換牙齒重要，這是行政院衛福部的計畫，賴院長、老縣長都在打臉自己的政策」，堅稱凡事替市民著想。但對手暗批朱市府「不會做事」，才讓去年7億預算用不完，3億交回中央，侯友宜也有話要說 ，認為是中央法令配套不足，才讓六都每個地方沒有辦法執行預算。
身為昔日朱立倫的副手，選前此時朱立倫、侯友宜榮辱共享，但何時要再合體造勢，侯友宜沒透露，只說兩人有常常聯絡，只要有共同的議題、共同的目標，都會緊緊的站在一起，包括韓國瑜、盧秀燕等其他候選人。
不排除與網路聲量大的韓國瑜合體拼選戰，看來北神探、南菜販，同台之日就在不遠時。
（民視新聞／薛嘉瑩、劉毓琦 新北市報導）",2018-10-21 16:07:43+08:00,民視,https://tw.news.yahoo.com/蘇貞昌點名新北市府不會做事-侯友宜反嗆-法令配套不足-050517295.html
陳其邁批滿口政治 韓國瑜駁斥,"（中央社記者王淑芬高雄21日電）高雄市長選戰白熱化，民進黨高雄市長參選人陳其邁批評對手「說一套、做一套」，說是選舉只談經濟卻還滿口政治；高雄為民主聖地，年底選舉關係走向民主或重返國民黨威權之路。
國民黨市長參選人韓國瑜尊重對手的發言，但他也反問民進黨有幾個民主聖地，高雄、宜蘭、台南和嘉義，還是更多的縣市，盼民眾擦亮眼做正確的選擇。
陳其邁今天為民進黨市議員參選人邱俊憲成立競選總部站台，並和總統府秘書長陳菊、高雄市議長康裕成同台造勢。他表示，高雄在台灣的發展中，在政治和經濟上都一直扮演著重要角色。無論是當年的美麗島事件、到前幾天美國海軍的科研船來到左營軍港，都證明著高雄在台灣民主發展、區域穩定，以及亞太地區經濟的中心地位。
陳其邁指出，世界局勢正在進行調整，高雄的選舉，代表著高雄人的選擇，全世界都在看。呼籲鄉親用選票做出智慧選擇，台灣未來要做為一個和平促進者，還是要走回國民黨的老路。
陳其邁說，有人選市長，一方面說談經濟就好，不要說政治；一面卻一直在強調九二共識、台獨比梅毒還可怕，根本是做一套說一套，而且刻意忽視高雄的關鍵地位，其實從政治、經濟的角度來看，高雄都是台灣的重中之重。
陳菊呼籲民眾勿被假新聞、假消息誤導，堅定支持民進黨，高雄由那個政黨執政很重要也攸關未來前瞻建設執行。今天成立競選總部的民進黨市議員參選人還有康裕成、李柏毅、簡煥宗、許乃文等人，陳菊、陳其邁忙得趕場站台。(編輯:孫承武)1071021",2018-10-21 16:00:36+08:00,中央社,https://tw.news.yahoo.com/陳其邁批滿口政治-韓國瑜駁斥-080036047.html
侯友宜趕場競總成立大會 (圖),"國民黨新北市長參選人侯友宜（中）21日上午連跑多個競選總部行程，受到支持者熱情歡迎。
中央社記者林長順攝 107年10月21日",2018-10-21 15:42:44+08:00,中央社,https://tw.news.yahoo.com/侯友宜趕場競總成立大會-圖-074244475.html
柯文哲園遊會違法遭開罰 姚文智：第一次看到當市長可以這樣「蠻幹」,"台北市長柯文哲20日在公園舉辦的行動競總活動因違法遭罰，保證金也被沒收。民進黨市長參選人姚文智今（21）日批評，第一次看到作為市長這樣蠻幹，把罰單當租金，視法律於無物，還告訴大家法律要檢討，這是什麼樣的市長？
姚文智陣營日前也曾借用公園想辦造勢活動，但被北市府以選舉期間未到為由，拒絕他的申請，但市府卻借公園給柯文哲辦行動競總「園遊會」，以及國民黨市長參選人丁守中辦「黨員慶生會」，讓姚文智抱怨雙重標準。
台北市長柯文哲20日在公園舉辦的行動競總活動因違法遭罰，保證金也被沒收。（資料照，陳品佑攝）
姚文智今天上午替黨籍議員林世宗站台，他受訪時被問到柯文哲造勢活動違法被罰，砲轟「我第一次看到作為市長，可以這樣蠻幹，把罰單當租金，視法律於無物。」
姚文智批評，柯文哲如此威權性格，與他崇拜的毛澤東或雍正做法都一樣，好像要在台北市當皇帝；姚文智也批，沒看過被認定違法還不停止，繼續繳罰單、繼續辦選舉活動，最後還告訴大家「法律要檢討」，這是什麼樣的市長？（推薦閱讀：「柯文哲成為中間淺綠的替代品」施正鋒：當初若推賴清德，情況可能不同）
對於柯文哲昨天講出「台灣有些女性不化妝直接上街嚇人」，事後有自認失言。姚文智則表示，柯文哲恐怕不是只有失言，而是完全失格，他也不需要道歉，大家認清楚他就好了。
相關報導● 姚文智借公園被拒 柯文哲：自從我的競選辦公室被抄掉後，就知道市府很合法● 怪蔡英文站台力道不夠？姚文智：可以再更強，她批柯文哲太少了",2018-10-21 15:37:51+08:00,風傳媒,https://tw.news.yahoo.com/柯文哲園遊會違法遭開罰-姚文智-第-次看到當市長可以這樣-蠻幹-073751755.html
「虧雞老爹」林義豐挺蘇貞昌 11月新北辦電音趴,"無黨籍台南市長候選人林義豐來到新北市，力挺民進黨市議員，只是同個場合，林義豐也和蘇貞昌碰上面，林義豐除了表態支持蘇貞昌之外，也承諾下個月將在新北市舉辦電音趴。
 
▼（圖／東森新聞）
 
無黨籍台南市長參選人林義豐vs.民進黨新北市長參選人蘇貞昌：「專程來給你加油一下，謝謝。」
 
虧雞福來爹和蘇貞昌，兩人碰在一塊，會冒出甚麼火花。
 
無黨籍台南市長參選人林義豐vs.民進黨新北市長參選人蘇貞昌：「新北市他做得很好，所以我們一定要祝他當選。」
 
林義豐不只表態力挺蘇貞昌，遠道而來北上，當來也有準備禮物。
 
▼（圖／東森新聞）
 
無黨籍台南市長參選人林義豐：「11月我們新北市會辦一場國際電音趴。」
 
要把台南電音趴原汁原味移到新北來，林義豐這份禮物搶足選戰話題，但新北選情白熱化，蘇貞昌依舊緊咬辯論議題。
 
民進黨新北市長參選人蘇貞昌：「對於要辦辯論，老是閃躲，那尤其是近20所大學學生籌備了很久，很誠意的邀請，我一口就答應，結果呢？他（侯友宜）閃閃躲躲。」
 
隔空再開砲，但侯友宜也不是省油的燈，一早行程滿檔的他，先到五股替市議員候選人站台，展現母雞氣勢。
 
▼（圖／東森新聞）
 
主持人vs.國民黨新北市長候選人侯友宜：「2號侯友宜當選，友宜，友宜，友宜，當選，當選，當選。」
 
有了侯友宜加持，場子瞬間嗨翻天，但強還要更強，接下來有沒有可能跟人氣王韓國瑜一起南北連線。
 
國民黨新北市長候選人侯友宜：「不管是韓國瑜、盧秀燕或是其他的候選人，我們都會並肩作戰，（有會跟納豆合體嗎？）哈哈，納豆？他又沒有選舉，他（納豆）隨時可以來找我啊。」
 
為選戰做最後衝刺，侯友宜接著還到新莊幫市議員候選人蔡健棠助選，選戰進入倒數階段，至於會不會申請隨扈，侯、蘇兩人這樣回答。
 
國民黨新北市長參選人侯友宜：「新北市的市民都對我很好，也很熟識，目前整個行程規劃都非常順暢。」
 
民進黨新北市長候選人蘇貞昌：「（我們有打算申請隨扈嗎？）沒有，謝謝。」
 
（封面圖／東森新聞）
 
更多東森新聞報導
● 「虧雞」辦動漫搖滾節 又發豪語：創業1人借他1百萬
● 嬤給孫錢被拒…霸氣硬塞！16秒影片讓上萬網友噴淚
● 淪遊民！成龍女兒上空全裸下海攬客 再下猛藥拚業續
相關新聞影音",2018-10-21 15:16:00+08:00,EBC東森新聞,https://tw.news.yahoo.com/虧雞老爹-林義豐挺蘇貞昌-11月新北辦電音趴-071600279.html
同框蘇貞昌！「虧雞」林義豐幫黃俊哲站台,"民進黨新北市長候選人蘇貞昌，和台南的「虧雞」林義豐同框，他們今天（21日）都參加新北市議員候選人黃俊哲的活動，林義豐禮貌祝他當選，但說不要用這樣判斷他挺藍挺綠，林義豐未來還會在新北辦電音趴，蘇貞昌稱讚他的電音趴是真電音，暗諷對手侯友宜。
為綠營議員黃俊哲站台，民進黨新北市長候選人蘇貞昌和黃俊哲一起大進場，受到支持者熱烈歡迎。
綠營新北黨部主委余天，還特別改編《思慕的人》的歌詞，高歌一曲。
要蘇貞昌回來當新北市長，競選總部成立，除了請來蘇貞昌站台，同場還有黃俊哲父親的朋友，也是最近人氣扶搖直上的台南市長候選人林義豐，現場預告，新北也會辦一場電音趴。
林義豐還和蘇貞昌同框，禮貌性握手，蘇貞昌稱讚林義豐的電音趴，是真的電音趴，暗酸對手侯友宜，而針對侯友宜陣營和新北市府，以牙齒塗氟回應他的假牙政策，蘇貞昌批評，真牙好誰都知道，但沒有牙齒，氟要塗在哪。
競選造勢，比人氣、比政見，也比誰講的話，夠吸引人。
（民視新聞／顏辰州、嚴俊強 新北市報導）
相關新聞影音",2018-10-21 14:51:47+08:00,民視,https://tw.news.yahoo.com/同框蘇貞昌-虧雞-林義豐幫黃俊哲站台-065147639.html
如果敗選下一步 網揭韓國瑜的3條路,"政治中心／綜合報導
幾天前（19日）台灣世代智庫公布的高雄市長選情民調，「陳其邁以支持度39.8%，領先韓國瑜的32.5%，兩人差距7.3個百分點」。就有網友在PTT開版討論11月24日開票，「韓國瑜如果敗選的話 下一步會是？」幫忙韓國瑜「找出路」提供三個建議「1改選黨主席、2選總統、3繼續在高雄選立委」，引發熱議。
▲若韓國瑜敗選的話 下一步會是？網路熱議。（圖／中央社）
提出討論的網友表示，以這次的民調來看，就算是偏綠智庫也顯示，韓在左營楠梓區是領先的，萬一韓這次在高雄輸了，也希望他能繼續在高雄駐點，參選左楠區的立委，「勝算應該很高」。該網友甚至說韓國瑜 「可以一邊當主席；一邊在高雄選立委」認為韓比吳敦義有更好的募款和助選力。他也分析，高雄市現在連個藍委都沒有，韓國瑜要選上高雄市長，質疑「真有那麼容易嗎?」
另外，還有網友貼文說「這是個假議題」他認為韓國瑜根本不會輸，「現在韓國瑜的勝算已經有87%了，剩下的那13%是KMT豬隊友們在最後這3X天幫他敗票」，信誓旦旦說「只要KMT豬隊友沒犯錯韓就穩贏了」還表示「韓當上了高雄市長我猜他就不會選黨主席了」，但也「假設韓真的輸了」認為「選黨主席的機率當然就很大了」，甚至分析「 韓輸的話代表六都KMT只剩新北其他全滅，韓輸的話盧也一定輸啦！」，韓當然會選黨魁了，而且覺得朱立倫會跟韓結盟！
▲若韓國瑜敗選的話 下一步會是？網路熱議。（圖／資料照）
貼文都引發網友在底下熱烈討論有表示「輸更多，連立委可能都不用想」、「應該不會差到20萬票」、「如果惜敗，台下喊選總統，那不知朱、吳兩人會作何感想？」、「不管輸贏，韓都會是紅藍共同希望，柯結束了」也有人認為「假設韓真的輸了的話…他選黨主席的機率當然就很大了，韓輸的話代表六都KMT只剩新北其他全滅」還有建議韓敗選可以「當名嘴 好賺 砲人又爽」，也有直接喊「選總統啊」。
討論來源：PTT論壇網址1
討論來源：PTT論壇網址2
 
 
 
 
 
 
 
更多三立新聞網報導韓國瑜爆黑史 他：乾脆提名殺過人的高雄又老又窮？市府提事實打臉韓國瑜韓大學舊照！網笑虧：有頭髮竟認不出韓揍扁吳敦義讚允文允武 陳致中怒了",2018-10-21 14:40:33+08:00,三立新聞網 setn.com,https://tw.news.yahoo.com/如果敗選下-步-網揭韓國瑜的3條路-064033202.html
青年論壇辯論 丁守中：設青年局、都更局 力推台北經濟發展,"【綜合報導】台灣各大專院校合辦「2018雙北市長青年論壇」辯論今天登場，出席的四位候選人異口同聲批評台北市長柯文哲不出席辯論是害怕接受檢驗。國民黨台北市長候選人丁守中則強調，上任後將成立青年發展局及都市更新局，全面推動都更獎勵，成為帶動經濟發展的火車頭，加強招商引資，並創造年輕人就業，改善現階段低薪窮忙等問題，促進北市經濟發展。
談到婚姻平權問題，丁守中說，他尊重每個人愛的選擇，也對有情人終成眷屬給予最大祝福，但若要修改民法恐生較多阻力，因此主張應用專法保障較佳。
丁守中也說，市府未來可作為平台，針對學校周邊出租公寓進行安檢及整合資料，依消防公安標準進行等級篩選，並提供相關保險；對於學生打工應加強勞檢，並由市府擔任媒合平台，讓打工和未來生涯規劃結合，及早做好進入職場準備。
今天青年論壇在台灣大學舉辦，丁守中、民進黨台北市長候選人姚文智、無黨籍台北市長候選人李錫錕、吳萼洋均出席，唯獨柯文哲缺席。李錫錕受訪時批柯文哲對下一代不重視，丁守中也說，柯文哲都是靠網紅包裝，推出來的小影片跟政策都是吹牛、經不起考驗，因此選擇缺席是不敢面對青年學生。
會中各校代表陸續針對學區租屋違法問題、青年打工的勞動環境改善、校園店家食安和周邊交通問題，請參選人分別進行論述；針對校園食安問題，丁守中指出，他主張店家廚師要有丙級以上廚師專業證照，並應加強店家查核和保險，以補足做食安檢查雙重機制。他也說，北市公共運輸市占率約40%，嚴重落後國際各大城市，因此當選後將力推低於新台幣900元的吃到飽公共運輸月票。
丁守中也提到，他之所以鍥而不捨、一而再再而三堅持要選台北市長，就是因為台北「太老太舊」，他小時候在在陽明山竹子湖吃飯是塑膠鐵皮屋，現在還是；他小時後逛傳統市場覺得陰暗濕，現在還是一樣，老市場也不都更，他若當選市長，會成立都市更新局，全力推動防災都更、老屋重建。。
丁守中會後表示，自己原本就在台大擔任教授，所以對學生提問很習慣，自己是全力、充分回答，就他的了解與學生理性溝通，表現如何就交由學生打分數。至於太陽花學運，他則認為是特定時空環境產物，許多政策及在地狀況如何存利去弊，也需要檢討。",2018-10-21 14:40:31+08:00,民眾日報,https://tw.news.yahoo.com/青年論壇辯論-丁守中-設青年局-都更局-力推台北經濟發展-064031919.html
丁守中擬邀周美青、韓國瑜站台 6都也將連線造勢,"【綜合報導】選戰僅剩月餘就要投票，中國國民黨台北市長參選人丁守中今天表示，台北市黨部正在規劃舉行週末大型造勢活動及遊行，包括全台6都及各縣市都會進行連線活動，市黨部也在規劃分別邀請前總統馬英九夫人周美青和高雄市長參選人韓國瑜等人同台造勢，至於媒體詢問，選前是否有各陣營王牌拚場的感覺，丁守中則說，真正的王牌就是市民大眾、中間選民以及所有年輕人。
針對國民黨有意找周美青幫忙站台，丁守中表示，的確看到黨部有這樣規畫，選舉過程任何人幫忙，來加強、拉抬造勢都很感謝，何況前總統夫人。至於何時會與韓國瑜同台？丁守中則說，前不久和韓國瑜在台中造勢大會會合過，未來只要有安排聯合造勢，都會全力以赴。
丁守中星期天行程滿滿，陸續出席九位市議員參選人競總開幕活動。他上午出席市議員葉林傳競選總部成立活動時做了以上表示，包括市黨部主委黃呂錦茹、同黨籍立委蔣萬安、台北市議員陳重文和李芳儒及李傅中武等人都到場力挺。
媒體也詢問他認為誰是輔選王牌？丁守中則說，真正的王牌就是市民大眾、中間階級，以及所有年輕人。接下來也會積極讓大家了解台北城市競爭力下滑、招商引資嚴重不足、低薪窮忙的事實與警訊，讓所有中產階級、年輕人、所有市民都能覺醒，同時對他提出的政策有感。
媒體會後也詢問是否要舉行週末大型造勢和遊行活動。丁守中表示，後續規劃有全台6都及各縣市連線活動。目前仍以走入群眾、社區、社團和夜市拜票為主，如此最能接觸到各階層群眾；同時因為國民黨有紮實基層組織，加上提名眾多市議員和里長參選人，會一起共同造勢、全面衝刺。
丁守中也說，會加強空軍戰術，爭取年輕人和中間選民支持。他也肯定，韓國瑜站台效應應該很強，同時韓國瑜在南部幫國民黨南部開疆拓，高雄目前成績非常好，丁守中也說，相當替他高興。",2018-10-21 14:39:18+08:00,民眾日報,https://tw.news.yahoo.com/丁守中擬邀周美青-韓國瑜站台-6都也將連線造勢-063918770.html
「韓流」席捲農業大縣 韓國瑜：張麗善可以讓雲林富起來,"雲林縣長候選人張麗善今（21）日上午在虎尾舉辦競選總部成立大會，現場湧入數千位支持者，包括中國國民黨主席吳敦義、副主席郝龍斌、新北市長朱立倫、中國國民黨高雄市長候選人韓國瑜、中華民國雲林同鄉總會創會會長譚亮吉、立法委員江啟臣、曾銘宗、黃昭順、王育敏、陳雪生、蔣乃辛、許毓仁、林麗蟬、歌手龍千玉、網紅「蔬菜炸彈客」廖營餘等人皆到場支持，力挺張麗善。
吳敦義率領中國國民黨的眾多的中常委、立委共同上台為張麗善加油打氣，並強調議員、各級代表、村里長等，都要全壘打。韓國瑜表示，雲林縣是農業大縣，自己以前擔任北農總經理的時候，菜價的漲跌都是隨市場機制，因為「農產品」就是一種「產品」，市場會依照供需找到一個物價的平衡點，北農只需要維持一個公平公正的平台，讓農民賺取合理收入。他強調，雲林縣長的最大責任就是照顧農民，讓農產品賣得好價格，還要讓雲林農工商並進，平衡產業發展。韓國瑜表示，只有張麗善可以帶來這樣的改變，張麗善主張把麥寮港改制成雲林國際商港，企業進駐、才能夠為青年人找頭路，讓雲林不要再每年流失五千人，他相信張麗善可以讓雲林人富起來、讓雲林人留下來、讓旅外雲林人回得來。
日前網路上爆紅的「蔬菜炸彈客」廖營餘也現身，他特別致贈青江菜及紅茶給韓國瑜，他強調自己不關心政治、不關心藍綠，只關心農業。農民不求農產品賣出高價，只求平穩，二十年前的菜價十多元，二十年後的現在通貨膨脹，菜價卻仍只有十多元，農民很難生活。他再次強調，「農產品也是產品」，政府為了平穩物價而刻意打壓菜價，對於農民是不公平的。一旁的張麗善立刻承諾，未來一定會和韓國瑜攜手合作，一定要讓農民賺到錢。
朱立倫表示，今天來到雲林有兩個身份，第一個身份是現任新北市長、第二個身份是過去提名張麗善為不分區立委的中國國民黨前主席。朱立倫指出，新北市有很多雲林移居的人口，雲林縣有任何需要，新北市一定全力相挺，包括幫助農民銷售農產品。朱立倫也提到，雲林很多年長者眾多，這次張麗善提出「三個安心、一個甘心」的政見，就是希望能讓雲林的長輩被照顧得更好，旅外沒跟父母同住的孩子能夠安心，因此他呼籲所有住在新北市的雲林鄉親，11月24日一定要回家投給4號張麗善。
朱立倫致詞完之後，大會現場播放起前縣長張榮味的日前在惜別會中談話的影片，影片中張榮味細數過去自己任內的建設，從湖山水庫、台大醫院到石榴工業區等等，強調張家沒有做對不起雲林人的事情，也強調雲林所有最重要的建設都在他的任內擘劃。影片中張榮味為張麗善披起戰袍，讓現場支持者熱淚盈眶。前立委張嘉郡隨後上台表示，她相信鄉親都看到張榮味的付出，也看到張麗善、張嘉郡的認真，懇請鄉親一定要支持張麗善。
雲林同鄉會創會會長譚量吉表示，自己是海口人，旅外鄉親都支持張麗善，他大讚張榮味、張麗善及張嘉郡努力為雲林人爭取高鐵站、湖山水庫這些重大建設，並強調旅外鄉親都希望有機會回到家鄉發展，他相信張麗善當選一定可以讓雲林變得更好。
郝龍斌表示，他遇到前台中市長胡志強向他提到，過去張榮味曾幫過很多忙，張麗善是雲林縣長最好的人選，一定要讓張麗善當選，張麗善當選雲林一定「四」季平安。郝龍斌提起網路上流傳的順口溜「國民黨一倒，民進黨吃飽飽」，痛批民進黨內充斥像吳音寧這些年領250萬的「高薪實習生」，他強調，不應該再讓民進黨吃飽飽、農民卻餓肚子，雲林鄉親吃飽比什麼都重要。郝龍斌指出，民進黨不公義的年金改革，已經造成了社會的分化與矛盾，民進黨政府還成立了許多「東廠」黑機關，例如黨產會、促轉會，甚至連中選會也變成民進黨執政的側翼，清算國民黨、打擊所有批判民進黨的臺灣人。郝龍斌也呼籲藍營支持者團結，呼籲軍公教必須出來投票，給民進黨一個教訓。
張麗善致辭時已經超過預計時間，她首先邀請自己的婆婆上台，並感謝眾人仍坐在台下替她加油，她表示，面對這麼艱難的選戰，她感謝所有的鄉親給她很多的鼓勵，讓她更加有信心勇敢走下去。張麗善表示，雲林民風純樸，雲林人骨力、認真又打拼，但是雲林不受重視，所以競爭力、經濟力都是全臺灣倒數，也是全臺灣最貧窮、最落後、所得最低的縣市。
張麗善表示，她是土生土長的雲林子弟，從來沒有離開過雲林，雲林在民進黨執政的14年，讓人看不到未來，這次她參選，就是希望創造一個改變雲林的機會。這次競選，她針對婦女、教育、農業、觀光文化、醫療長照、經濟發展、城鄉發展、社會福利等方面提出全面且完整的規劃及政見，並得到前總統馬英九、前行政院長張善政的認同和背書。最後，張麗善也誓言一定要為老人找依靠、為弱勢找尊嚴、為少年找頭路，為企業找機會，為雲林找出路，她誠懇的企盼所有鄉親和她一起翻轉雲林，讓她與謝淑亞進入縣政府為雲林鄉親服務。
 
更多新聞推薦
● 普悠瑪超速翻車 台鐵局長：駕駛關閉ATP自動防護系統",2018-10-21 14:22:42+08:00,台灣好新聞報,https://tw.news.yahoo.com/韓流-席捲農業大縣-韓國瑜-張麗善可以讓雲林富起來-062242257.html
侯友宜趕場競總成立大會 展求勝決心,"（中央社記者林長順新北21日電）國民黨新北市長參選人侯友宜今天上午連跑多個競選總部行程，受到支持者熱情歡迎。他在五股受訪時表示，希望解決交流道及五股泰山輕軌的興建，並與中央討論整治垃圾山問題。
侯友宜上午出席包含金中玉、連斐璠、蔡明堂、陳明義、宋明宗、蔡健棠、陳錦錠等競總成立大會，下午還要到鶯歌、土城、汐止、板橋參加競總及客家後援總會成立大會的行程。
另外，國民黨新北市議員鄭戴麗香上午成立與侯友宜淡水區聯合競選總部。鄭戴麗香表示與侯友宜「友香合擊」戰力全開，希望大家「友情香挺」，創造「侯麗安居、侯麗樂業」的「好（侯）日子」。
侯友宜在五股受訪時指出，希望能夠解決交流道及五股泰山輕軌的興建，另外整治垃圾山也會跟中央一起從都市計畫討論，希望中央加快審查。
對於假牙議題，侯友宜表示，行政院去年公告「國民口腔健康促進計畫」中推出塗氟計畫，表示「真的牙齒比換牙齒重要」，塗氟計畫是衛福部推出來，對手蘇貞昌是自己打自己的臉。
媒體詢問，對手蘇貞昌指長照經費「新北拿了中央7億，結果退回3億」。侯友宜說，中央長照給付新制的法令配套不足，讓6都沒辦法執行預算，這筆錢退回最多的是高雄市，退了新台幣5億元，而台北市比例退的最高，是中央沒有把法令做好。
至於選前會否跟國民黨高雄市長參選人韓國瑜合體，侯友宜表示，任何參選人只要跟他有共同議題和共同的目標，都會緊緊地站在一起。（編輯：張銘坤）1071021",2018-10-21 14:18:34+08:00,中央社,https://tw.news.yahoo.com/侯友宜趕場競總成立大會-展求勝決心-061834759.html
陳其邁深入大路竹固樁 民眾熱情爆表迎接,"距離選舉只剩下1個多月，民進黨高雄市長候選人陳其邁，延續上週日（14日）在鳳山舉辦3萬人大造勢的熱度，繼續來到大路竹地區分別舉辦後援會造勢，這裡儘管是白派掌門人、前立法院長王金平的大本營，但民眾還是熱情爆表，顯見陳其邁在地方的人氣。
熱情選民將現場擠得水洩不通，民進黨高雄市長候選人陳其邁，所到之處，展現超高人氣。
延續上週日（14日）在鳳山舉辦3萬人大造勢的熱度，陳其邁深入大路竹地區，分別舉辦後援會造勢，這裡儘管是白派掌門人、前立法院長王金平的大本營，但民眾還是熱情爆表。
日夜跑攤馬不停蹄，陳其邁吃飯時間就近在後援會現場，和支持者大啖當地小吃，節省時間，也拉近和選民的距離。
儘管日前國民黨高雄白派大老蕭漢俊，表態支持國民黨市長候選人韓國瑜，但陳其邁絲毫不受影響，展現基層實力，繼續強力固樁。
（民視新聞／呂鎌顯 高雄市報導）",2018-10-21 14:10:24+08:00,民視,https://tw.news.yahoo.com/陳其邁深入大路竹固樁-民眾熱情爆表迎接-061024569.html
高雄綠營萬人遊行 韓國瑜「出走」宜蘭站台,"【壹電視報導】今天民進黨在高雄舉行反併吞萬人大遊行，韓國瑜湊巧不在高雄，反而跑到宜蘭幫林姿妙助選，從台灣尾跑到台灣頭，北上踩地盤，讓外界懷疑，難道是想要跟黨內人氣王侯友宜PK，而韓國瑜曾說與柯文哲有私交，
卻遭到柯文哲直接打臉，說兩人沒有合作計畫。",2018-10-21 14:03:49+08:00,壹電視影音,https://tw.news.yahoo.com/video/高雄綠營萬人遊行-韓國瑜-出走-宜蘭站台-060349461.html
韓國瑜若敗選？網分析有「3條路」可走,"高雄市長選戰是本次選舉中最受關注的重點之一，國民黨高雄市長候選人韓國瑜民調仍稍微落後民進黨候選人陳其邁。最近有網友分析韓國瑜敗選後的可能發展，認為未來韓國瑜有「黨主席」、「總統」、「高雄立委」等 3 條路可走。

有網友在 PTT 「政黑板」發文，目前就算是偏綠的智庫民調，也顯示出韓在左營楠梓區處於領先狀況，所以就算韓國瑜這次輸了，也希望他能繼續在高雄駐點，然後參選左楠區立委，勝算應該很高。網友更認為，韓會比吳敦義有更好的募款和助選能力，甚至可以一邊當主席、一邊在高雄選立委。

網友坦言，高雄市現在沒有藍營立委，韓國瑜要一口氣選上高雄市長「恐怕沒有那麼容易」，高雄市下屆至少要選上幾席非民進黨的立委，不要再讓民進黨九席全包，那才比較實際。

其他網友也紛紛留言「看輸的票數而定，惜敗選總統＋黨主席；輸超過 20 萬，選立委；輸更多，連立委可能都不用想」、「我只是覺得他如果沒贏，說不定路更廣」、「我希望他當高雄市長兼黨主席口（可）以嗎 XD 」、「說實話 韓國瑜連正統 KMT 的邊都沾不上，那些什麼智庫、婦女會不會認同他的 當棋子一枚罷了」。
更多 NOWnews 今日新聞報導 現場最新照片》普悠瑪翻車意外 普悠瑪翻車17死126傷 警消搶救中",2018-10-21 14:03:44+08:00,今日新聞NOWnews,https://tw.news.yahoo.com/韓國瑜若敗選-網分析有-3條路-可走-060344535.html
"""韓""流襲雲林 韓國瑜為張麗善站台","雲林縣 / 徐孟蘭 史恩銘 報導
選戰逼近，這個週末國民兩黨高雄市長候選人都很忙，韓國瑜幫國民黨雲林縣長候選人張麗善站台，人氣爆棚，一上台，氣氛嗨到最高點，他還自爆，他30幾年前入贅來雲林，和雲林關係很深。
雲林縣長選情，越來越火熱！國民黨縣長候選人張麗善成立競選總部大會，邀請到同黨的高雄市長候選人韓國瑜到場站台，韓國瑜人氣爆棚，一上台，會場氣氛嗨到最高點，他還自爆，他30幾年前嫁來雲林，是入贅的，和雲林關係深厚。
韓國瑜用高人氣力挺張麗善，張麗善請出黨內人氣王韓國瑜站台衝人氣，現任縣長李進勇也沒閒著，趁假日四處拼場，和鄉親搏感情。
相關新聞影音",2018-10-21 13:56:00+08:00,華視,https://tw.news.yahoo.com/韓-流襲雲林-韓國瑜為張麗善站台-055600612.html
陳其邁衝選戰! 酸韓國瑜空降選市長,"高雄市 / 綜合報導
高雄市長候選人競爭越來越激烈，有民調顯示，韓國瑜與陳其邁兩個人呈現五五波拉鋸戰，陳其邁現在每天行程滿檔，全力衝刺，今(21)日上午出席燕巢區後援會成立大會，表示自己在高雄深耕多年，對高雄有一定的了解跟感情，不像韓國瑜空降來選市長，不了解高雄，希望選民不要被韓國瑜騙了。
距離年底大選倒數一個月，支持者熱情相挺，民進黨高雄市長候選人陳其邁，今天第一站來到燕巢區，因為後援大會的成立，台上一ㄧ授旗，轄區同黨議員候選人全到齊，陳其邁致詞時表示，希望大家都力挺到底，讓綠營議員都能當選。
接著話鋒一轉，猛批韓國瑜，陳其邁表示，自己在高雄深耕多年，對高雄有一定的了解跟感情，並保證未來若當選，一定會和中央讓高雄再「翻一番」。距離年底大選倒數一個月，高雄市長候選人，陳其邁和韓國瑜競爭激烈，有民調顯示兩個人呈現五五波的拉鋸戰，面對目前如此緊張的選情，陳其邁現在每天行程滿檔，他說這場選戰不能輸，而對民進黨而言，執政了20年的高雄，更是輸不起，絕對不能被翻盤。",2018-10-21 13:56:00+08:00,華視,https://tw.news.yahoo.com/陳其邁衝選戰-酸韓國瑜空降選市長-055600581.html
化妝說失言 丁守中：柯P政績全靠化妝掩飾 難怪這麼在意,"【綜合報導】台北市長柯文哲演講稱，美學是一種堅持，他認為日本女性比較漂亮，都化妝好才出門，不像台灣女性同胞直接上街嚇人，引發失言爭議。國民黨台北市長參選人丁守中則說，自然就是美，自信就是美，要說什麼樣的人非化妝不可？「柯文哲不正說他自己嗎」？還不就是「怕卸妝之後，政績見不得人」。
丁守中說，柯文哲的化妝術，凡事靠網紅，靠置入行銷。政策只問大數據，不問理念。該辯論的時候不辯論。難怪柯文哲這麼在意是不是化妝以後才上街。
丁守中今天在臉書PO文做了以上表示。他也說，恐怕柯文哲自己也搞不清楚，要是没了網红、没了行銷，「真正卸了妝之後，到底是用哪張臉孔見人」。
他也表示，柯文哲的話明顯失言，自然就是美，自信就是美，高興了化點妝，並無不可。有了自信，也就不在意化妝了沒有。",2018-10-21 13:53:01+08:00,民眾日報,https://tw.news.yahoo.com/化妝說失言-丁守中-柯p政績全靠化妝掩飾-難怪這麼在意-055301376.html
姚文智北投後援大會 蔡英文站台輔選,"台北市 / 陳又寧 彭冠霖 報導
台北市長候選人姚文智，週六晚上在北投舉辦後援大會，民進黨主席蔡英文也來輔選，開玩笑表示，他最近勤跑市場，曬黑了不少。而話鋒一轉，姚文智也批評柯文哲說的，台灣成為川普政府貨架上的商品，這句話嚴重破壞台美關係。
總統蔡英文力挺姚文智後援會，笑說這已經是第5度替他站台。連續舉辦6場後援會大會，姚文智最後一場選在士林大同受證授旗大會，現場擠了上千人，除了接受支持者歡呼外，也痛批對手柯文哲先前專訪說，美中對抗下，台灣成為川普政府貨架上的商品，明顯失言。
一邊批柯文哲，一邊當然要壯大聲勢，站台當然不忘加油打氣，總統蔡英文跟姚文智，一一跟選民握手致意，選戰剩下一個月，蔡英文幫忙輔選，直說姚文智會用所有的力氣，拚到最後一秒鐘。",2018-10-21 13:53:00+08:00,華視,https://tw.news.yahoo.com/姚文智北投後援大會-蔡英文站台輔選-055300136.html
行動競總開罰 丁守中：柯文哲帶頭違法 後知後覺,"【綜合報導】台北市長柯文哲行動競選總部昨在北投七星公園舉辦園遊會，遭北市公園處認定競選車輛開入公園明顯違法而開罰，柯文哲則稱法令不切實際應該大修。不過國民黨台北市長參選人丁守中批評柯文哲自己帶頭違規違法，說一套做一套。同時從柯文哲小樹屋工作室違法使用、文大大群館爭議，都是不合時宜的規定還要強制執行，搞到自己知法違法、帶頭違法，永遠後知後覺。
丁守中也說，公園跟學校向來都是可以辦活動的地方，只要合法申請租借就可以，像英國海德公園一樣可以辦政見發表會，但為何現在的公園不行辦政見活動？這就是柯文哲給大家穿小鞋，不讓大家辦活動，自己又帶頭違法。他也說，「將來如果柯文哲執政，一定是獨裁」。
2018臺北客家義民嘉年華上午在凱達格蘭大道舉行，柯文哲與丁守中同時到場，也握手致意，頗有拚場的味道。談到今天活動很受客家鄉親歡迎，人氣很旺，丁守中也說，他媽媽就是客家人，所以客家鄉親一向很支持他。   但針對媒體詢問柯文哲在七星公園辦園遊會違規被罰，是否因自己挨罰才覺得應該大修法令？丁守中表示，柯文哲自己把規定訂的這麼嚴，不讓人家進到公園，自己又帶頭違規違法，證明柯文哲說一套做一套，也不讓人意外。
至於丁陣營日前舉辦活動也全都比照辦理沒入3萬保證金，丁守中則說，「我們沒被罰，是市黨部辦的活動被罰，他們舉辦慶生會，我們被邀請去。」最後也被開罰。
此外，針對柯文哲說，日本女孩化好妝才會出門，不像台灣有些女性同胞會直接上街嚇人，引發爭議。丁守中仍表示，覺得台灣女生質樸、自然就是美，柯文哲的說法太虛假，把女性物化。",2018-10-21 13:51:36+08:00,民眾日報,https://tw.news.yahoo.com/行動競總開罰-丁守中-柯文哲帶頭違法-後知後覺-055136389.html
「青年論壇」新北場告吹 蘇貞昌再批侯友宜：不敢面對市民和學生，怎麼當市長？,"由多所大學學生會舉辦的「雙北市長青年論壇」，今（21）日下午將在台灣大學舉行台北場，但新北場確定因為國民黨市長參選人侯友宜不出席而告吹。對手民進黨市長參選人蘇貞昌今天受訪時，再批侯友宜不敢面對市民和青年學生，怎麼當市長。
蘇貞昌上午出席板橋市議員黃俊哲的競總成立大會，他受訪時被問到新北場的青年論壇無法舉辦，再度批評侯友宜「很對不起年輕人，也對不起選民」。
蘇貞昌說，市民有知的權利，侯友宜對於辦辯論老是閃躲，尤其是近20所大學學生籌備了很久，很誠意的邀請，自己一口就答應，結果侯友宜閃閃躲躲，最後又拒絕了年輕學生，所以年輕大學生還發表聲明表示遺憾。
蘇貞昌說，一個要當市長的人竟然不敢面對市民，不敢面對青年學生，這樣怎麼當市長？（推薦閱讀：「柯文哲現象都是因果！」蘇貞昌：民進黨應該謙卑檢討自己）
此外，新北市政府對於蘇貞昌提出的老人裝假牙政策，回應提出老人牙齒應塗氟。蘇貞昌今天也回應，塗氟是預防保健，裝假牙則是沒有牙齒的人的補救，一個是保健、一個是補救，根本是兩回事，所以要讓大家看到他的團隊是真正要做事，關心老人家。
相關報導● 呼籲支持蘇貞昌 賴清德批：國際對中國看法已改變，但還是有一批人唱衰台灣● 說台灣是「商品」被批失言 柯文哲：難道要說我們最偉大，美中都聽我們的！",2018-10-21 13:07:39+08:00,風傳媒,https://tw.news.yahoo.com/青年論壇-新北場告吹-蘇貞昌再批侯友宜-不敢面對市民和學生-怎麼當市長-050739153.html
禿頭享半價！民宿業者創意推：長得像韓國瑜就免費,"選戰打得火熱，19日公布了各縣市長候選人號碼，而除了候選人不停拉票外，也有民眾以創意手法大推自己支持的候選人。其中國民黨高雄市長的候選人韓國瑜網路聲量激升，而創作鬼才鄭進一表態欣賞韓國瑜，自告奮勇替韓寫競選歌曲，兩人今（21）日在高雄茄萣區合體高歌。也有民宿業者推出「禿頭折扣」，如果長得像韓國瑜，就可享住宿優惠，引起網友熱議。
 
 
▼（圖／翻攝自民宿臉書）
近期更有花蓮民宿的業者推出優惠活動，在粉絲專頁PO文表示，「這陣子夯什麼，金X居決定從即日起到11／24日止，只要你禿頭，住房就半價⋯。1個蘿蔔1個坑，1個禿頭1間房哦。」
 
▼（圖／翻攝自民宿臉書）
 
▼（圖／翻攝自民宿臉書）
 
 
此外業者還加碼表示，只要長得或禿得像韓國瑜，就可享免費住宿，而如果不像韓國瑜，反而像恰吉王世堅，同樣可以免費住宿。最後對於既不禿頭也不像王世堅的朋友，民宿老闆也表示，「只要你（名字）也叫國瑜或世堅就可以8折優惠哦⋯」成為另類行銷手法。
 
▼（圖／翻攝自民宿臉書）
 
貼文一出，引起眾多網友留言，「我不知道是否該分享給禿頭朋友～～你這種福利算是好事還是壞事？！」、「我要去理光頭…為了能住上您家一晚都值得」、「女性禿頭有加分嗎？」、「我寧可像韓國瑜也不要像王世堅」、「那麼棒啊！恨不得一夕變禿頭」。
 
▼（圖／中央社）
 
昨20日舉辦「反併吞護台灣，反介入顧高雄」活動，此外，高雄市長候選人陳其邁也馬不停蹄，昨（20）日與9位黨籍區域立委及各區爭取連任黨籍議員及議員候選人同步在各街頭拜票，總統府秘書長陳菊更親自南下。雖然下午的活動未規劃與陳菊出席，陳其邁受訪時也說，「過去只要花媽一聲令下，高雄立委都很團結，現在花媽隊長交棒，一定會扛起責任，打好這次選戰。」
 
 
（封面圖/中央社/翻攝自韓國瑜、王世堅臉書）
 
 
更多東森新聞報導
●「韓流」吹進屏東市！上萬民眾擠爆「要看韓國瑜」 
●滴妹戒飲料只喝水…一周後素顏出現「驚人轉變」！ 
●他冒死偷拍「最敢玩酒女」…4張私照曝光！結局神逆轉 
今日推薦影音",2018-10-21 13:04:00+08:00,EBC東森新聞,https://tw.news.yahoo.com/禿頭享半價-民宿業者創意推-長得像韓國瑜就免費-050400726.html
五度為姚文智站台 蔡英文笑稱：要加強輔選力道,"民進黨台北市長候選人姚文智，週六（20日）晚間舉辦士林北投區後援會成立授旗大會，總統蔡英文親自力挺輔選造勢，現場氣氛熱絡！蔡總統說這是他第五度為姚文智站台，希望能加強輔選力道；她稱讚姚文智認真打選戰，勤跑市場，臉都曬黑了，姚文智自嘲說「是被抹黑」，現場哄堂大笑！
大批民眾熱情夾道歡迎，總統蔡英文一一握手，短短200公尺的路走了近5分鐘，好不容易才走上主舞台！
台北市長候選人姚文智，週六晚間在石牌國中盛大舉辦士林北投區後援會，一掃日前總統輔選力道不足之說，蔡總統親自到場輔選造勢。蔡英文表示，「這是我第五次替他加油，我要加強輔選的力道，選戰剩30幾天，這一路走來風很強、雨也大，但是我們有市民們的支持」。
稱讚姚文智認真拚選戰，懇請鄉親集中選票，全力支持，姚文智也不忘幽自己一默，當總統問到有曬黑嗎？回應說「是被抹黑的」。
回防士林北投大票倉，姚文智出席後援會，成立授旗大會，猛批對手柯文哲一點不手軟，表示「我要請教柯市長，如果台灣是人家貨架上的商品，那台北市是甚麼，那你做為台北市長又是甚麼」。
選戰倒數30多天，選情逐漸升溫，民進黨展現黨內大團結，打出總統牌，希望一路轟出全壘打！
（民視新聞／許敬柔、黃啟豪 台北報導）",2018-10-21 12:44:05+08:00,民視,https://tw.news.yahoo.com/五度為姚文智站台-蔡英文笑稱-要加強輔選力道-044405605.html
北市藍升綠降 丁庭宇：丁守中還有機會，但要檢討佛系選法,"九合一大選倒數計時，各市選戰激烈廝殺，台灣民意基金會今（21）日發布台北市選戰最新民調，台北市長柯文哲以42.1%領先國民黨候選人丁守中（28.5%）、民進黨籍候選人姚文智（11.6%）。前台北市副市長丁庭宇分析，丁守中至今仍沒有打破僵局，這對柯文哲來說是好消息，國民黨整個黨、候選人必須要有更強烈的主張才能打破僵局，不過非常不容易。
根據台灣民意基金會調查，有56%的台北市選民對柯文哲近4年來的施政表現表示滿意，36%的人不滿意。丁庭宇表示，柯文哲的市政滿意度相比馬英九、陳水扁來的低，顯見施政成果並不令人肯定。尤其是台北大巨蛋，大巨蛋看似已經快完工，北市卻強調還在停工階段，這部分也顯見國、民兩黨台北市長候選人、議員參選者對此議題仍不夠強硬。
在大巨蛋議題上，丁庭宇批評，「在馬、扁任北市長時期，辦公室主任跑去跟遠雄董事長趙藤雄密商好幾次，若不報議會，早就爆炸了，這不是弊案？什麼才是弊案？」據民調顯示，有61%台北市民不滿柯文哲處理大巨蛋的感覺，丁庭宇認為，國民兩黨必須正視大巨蛋議題，但接下來兩黨候選人是否會因此得利？他則表示，棄保策略很難講，最後時刻才會顯見出來，柯文哲從深綠出生，這幾次較勁姚文智仍處下鋒，民進黨恐怕得票率更低，姚文智若無法突破僵局，民調15%門檻都過不了，若柯文哲後期打危機牌，恐使民進黨流失更多選票。
另在台北市民選民政黨認同問題中，今年2月時泛綠比泛藍認同者僅差距2個百分點，但8個月後，大選前一個月，藍遠勝於綠15個百分點，台灣民意基金會董事長游盈隆更形容這是「天龍人的甦醒」。
20181021-台灣民意基金會「2018台北市長選戰民調」發表記者會，圖為台灣民意基金會董事長游盈隆。（陳品佑攝）
丁庭宇表示，民調顯示台北市民國民黨認同度提升，台北市還是藍軍天下，但若拿不出具體做法，恐使國民黨候選人面臨困境，選舉倒數一個月，時間仍充裕。而在葛特曼事件中，外國人來台灣罵台北市長是「liar」，這已經超出一般市民可接受範圍，是非常不禮貌的行為，葛特曼有責任說清楚他說「liar」的原因，若柯文哲是騙子的話，那葛特曼書中不應有任何的引用柯的論述，國民黨至今沒打過，下一階段可能是棄保，民進黨恐流失選票，國民黨若仍深陷僵局，選票也將被瓜分。（推薦閱讀：台灣民意基金會民調》藍升綠降！支持民進黨的台北市選民剩16.9%）
丁庭宇指出，柯文哲「以拖待變」是成功策略，競爭者一定要打破現有僵局，「姚文智大概是沒機會了」，但若國民黨若能檢討現在的「佛系選法」，重整後再出發，應還有機會打贏北市選戰。
相關報導● 台灣民意基金會民調》「liar」指控打不倒他！柯文哲信任度40%，遠勝丁守中、姚文智● 台灣民意基金會民調》柯文哲支持度42.1%，丁守中加姚文智還贏不了他",2018-10-21 12:43:24+08:00,風傳媒,https://tw.news.yahoo.com/北市藍升綠降-丁庭宇-丁守中還有機會-但要檢討佛系選法-044324151.html
姚文智出席市議員競選總部成立大會 (圖),"民進黨台北市長參選人姚文智（前）21日在北投出席「姚文智林世宗聯合競選總部」成立大會，由於陽光刺眼，進場前舉起手遮擋艷陽。
中央社記者徐肇昌攝 107年10月21日",2018-10-21 12:38:41+08:00,中央社,https://tw.news.yahoo.com/姚文智出席市議員競選總部成立大會-圖-043841224.html
余天幫姚文智站台 (圖),"民進黨台北市長參選人姚文智（中）21日在北投出席「姚文智林世宗聯合競選總部」成立大會，民進黨新北市黨部主委余天（左）到場站台，眾人高喊當選。右為台北市議員林世宗。
中央社記者徐肇昌攝 107年10月21日",2018-10-21 12:36:40+08:00,中央社,https://tw.news.yahoo.com/余天幫姚文智站台-圖-043640365.html
選戰倒數 丁守中：將進行6都連線造勢 (圖),"中國國民黨台北市長參選人丁守中（右）21日出席台北市議員葉林傳（中）競選總部成立活動時表示，台北市黨部正在規劃舉行週末大型造勢活動及遊行，後續也有全台6都及各縣市連線活動。
中央社記者黃麗芸攝 107年10月21日",2018-10-21 12:35:40+08:00,中央社,https://tw.news.yahoo.com/選戰倒數-丁守中-將進行6都連線造勢-圖-043540429.html
柯文哲行動競總公園違規 姚文智：市長蠻幹,"（中央社記者王揚宇台北21日電）針對台北市長柯文哲行動競總昨在公園辦活動遭罰、保證金被沒收一事，民進黨台北市長參選人姚文智今天受訪表示，他第一次看到市長可以這樣蠻幹，根本是視法律如無物。
姚文智今天出席「姚文智X林世宗聯合競選總部」成立大會，並於會前接受媒體訪問。
柯文哲行動競選總部昨天在七星公園舉行園遊會，北市公園處指出，實際活動與申請內容不符，將不退還保證金新台幣3萬元，且一年內不受理同一申請人的申請；此外，行動競總卡車開進公園，因此依違反台北市公園管理自治條例開罰；記者問姚文智對此事的看法。
姚文智表示，柯文哲拆別人的東西時就說法律不是參考用的，碰到自己的事情卻是一犯再犯，「我第一次看到作為一個市長，可以這樣蠻幹」，已經被開罰了，柯文哲卻把罰單當作租金，照樣在那邊喊「凍蒜」，很歡樂在進行，根本是視法律如無物，這樣的威權性格，跟柯文哲崇拜的毛澤東、雍正，做法都一樣。
姚文智接著說，柯文哲好像要在台北市當皇帝，自己從沒看過被認為違法，然後不立刻停止、繼續繳罰單，繼續在那裡進行選舉活動，最後告訴大家法律要檢討，這是什麼樣的市長。
此外對於柯文哲昨天參加「柯文哲X青年創業論壇」時提到，廣義的美學，不管文化藝術，不僅是一種堅持，也是一種責任，「我去日本，我都覺得日本的女孩子，好像比較漂亮，為什麼？因為她們都化妝好才會出門，不像我們台灣有些女性同胞會直接上街嚇人」。事後，柯文哲坦承失言。
對此姚文智今天受訪表示，柯文哲恐怕不是只有失言，而是完全失格。（編輯：張銘坤）1071021",2018-10-21 12:32:33+08:00,中央社,https://tw.news.yahoo.com/柯文哲行動競總公園違規-姚文智-市長蠻幹-043233338.html
柯P公園造勢違法 姚文智怒轟,"政治中心/台北報導
台北市長柯文哲競選辦公室昨（20）日在北投七星公園辦園遊會，卻將行動競選總部車開進公園作為活動主舞台，違反台北市公園管理自治條例，遭到連續開罰，並沒收3萬元保證金，對此，柯文哲競選總幹事小野(李遠)今在臉書上表示，市長違法與小市民同罪。「這是我們的疏忽，在此向台北巿民道歉」。
▲柯文哲首場造勢違法於公園舉辦，其總幹事小野（李遠）臉書致歉。（圖／翻攝自李遠臉書）
小野在臉書，還原柯文智哲的講話，表示柯的開場白是這樣：「各位市民朋友 大家午安大家好，今天是我們 行動競選總部開幕的園遊會。因為公園不可以有競選活動 所以拜託大家，我們還是盡量守法，所以拜託大家不要喊凍蒜，然後競選的旗子也不要拿出來 還有我們有那個競選的背心也不要拿出來，其他跟選舉相關的東西 我們先把它收起來。」，在文末小野認為，「柯文哲在現場有非常動人的演講，雖然大部分的媒體都強調違規違法」，開了許多罰單、沒收保證金。雖然全是負面的報導，「但是，也反映了一個法治國家的建立。市長違法與小市民同罪，這是他們的疏忽，在此向台北巿民道歉。」
 
▲柯文哲首場造勢選在北投七星公園。（圖／柯文哲競選辦公室提供）
 
對手民進黨台北市長候選人姚文智今（21日）上午替民進黨台北市議員林世宗競選總部站台，對於柯文哲在七星公園舉辦造勢活動違法開罰一事批評表示「第一次看到做為市長這樣蠻幹，把罰單當租金，視法律於無物」。姚文智說「柯文哲視法律如無物，如此的威權性格與崇拜的毛澤東或雍正，做法都一樣」，更語帶嘲諷地說「柯市長你好像要在台北市當皇帝」；沒看過被認定違法還不停止，繼續繳罰單，繼續辦選舉活動，「這樣是什麼樣的市長」！
 
▲柯文哲行動競總公園違規 姚文智批「把罰單當租金」。（圖／翻攝自姚文智臉書）
更多三立新聞網報導借場地有特定立場？公園處：公開透明帶頭違規！柯園遊會認定競選活動挨罰",2018-10-21 12:30:30+08:00,三立新聞網 setn.com,https://tw.news.yahoo.com/柯p公園造勢違法-姚文智怒轟-043030924.html
花媽赴高雄宣傳反併吞 陳其邁：假消息傷害民主選舉,"總統府秘書長陳菊再次南下高雄，與立委林岱樺宣傳反併吞活動。（圖片來源／民進黨）
高雄民進黨與南社、長老教會本土社團舉辦「反併吞護台灣、反介入顧高雄」活動，20日下午於世運大道舉行，民進黨高雄市9位立委，特別提前於上午8時展開站街頭的同步宣傳活動。非常重視這場活動的總統府秘書長陳菊，也親自南下，現身大寮區，陪同立委林岱樺站街頭宣傳活動。
花媽一聲令下，高雄立委都很團結
民進黨9位立委總動員輔選，與議員候選人則在各自選區站街頭，並在臉書直播，為這場反併吞行動，進行最大能量的宣傳。
民進黨高雄市長候選人陳其邁表示，高雄幅員廣大，自己經常上山下海，但選舉期間總是有跑不到的地方，非常感謝9位立委幫忙分擔。陳其邁指出，過去只要花媽一聲令下，高雄立委都很團結，現在花媽隊長交棒，一定會扛起責任，打好這次選戰。
陳其邁在清晨就與立委劉世芳及在地議員到左營「哈囉市場」做宣傳。陳其邁說，這次選舉充斥假消息，很多是來自境外、對岸，包括五毛黨的助攻，許多不實的指控，透過即時的網路散佈，防不勝防，造成很大的傷害，並且嚴重影響選舉的公平性，這是很嚴肅的問題，呼籲大家要正視。
劉世芳表示，民主選舉應該是一件快樂的事情，相信所有選民都不樂見，也無法忍受選舉過程中，出現來自對岸中國網軍，利用台灣的自由開放，製造假新聞，分化台灣社會。因此，特別呼籲所有市民朋友，一起參與並支持這場活動。
這幾個立委選區選情呈現落後局面
台灣世代智庫19日公布「2018高雄市長選情」民意調查，陳其邁支持度39.8％，國民黨韓國瑜32.5％；看好度方面，陳其邁會52.3％，韓國瑜29.1％。陳其邁在支持度雖然仍領先韓國瑜7.3％，但是與9月中旬的民調相較，領先幅度卻有縮小跡象。
該民調還從議員選區做分析，陳其邁的支持度在第1選區（桃源區、那瑪夏區、甲仙區、六龜區、杉林區、內門區、旗山區、美濃區、茂林區）、第4選區（楠梓區、左營區）、第7選區包含（三民區）、第9選區包含（鳳山區）輸給韓國瑜，這幾個選區的立委，分別是邱議瑩、劉世芳、李昆澤與許智傑。
陳其邁領先的區域，包括第2選區（茄萣區、湖內區、路竹區、阿蓮區、田寮區）與第3選區（永安區、岡山區、燕巢區、彌陀區、梓官區、橋頭區），立委是邱志偉；第5選區（大社區、仁武區、鳥松區、大樹區）與第11選區（大寮區、林園區），立委是林岱樺；第6選區（鼓山區、鹽埕區、旗津區），立委管碧玲；第8選區（前金區、 新興區、苓雅區），立委趙天麟；第10選區（前鎮區、小港區），立委賴瑞隆。
選前最後階段，各區立委輔選責任加重，尤其是選情落後的地方，就看如何扭轉局勢。
無法上架的新聞？綠委阻擋「高捷水上樂園與慶富」報告是擔心衝擊選情？
1號韓國瑜有「5個」農會相挺 藍營國師預測2號陳其邁當選",2018-10-21 12:05:17+08:00,信傳媒,https://tw.news.yahoo.com/花媽赴高雄宣傳反併吞-陳其邁-假消息傷害民主選舉-032931549.html
選戰倒數 丁守中：將進行6都連線造勢,"（中央社記者黃麗芸台北21日電）首都選戰僅剩月餘就要投票，中國國民黨台北市長參選人丁守中今天表示，台北市黨部正在規劃舉行週末大型造勢活動及遊行，包括全台6都及各縣市都會進行連線活動。
丁守中上午出席同黨籍台北市議員葉林傳競選總部成立活動，包括市黨部主委黃呂錦茹、同黨籍立委蔣萬安、台北市議員陳重文和李芳儒及李傅中武等人都到場力挺。
媒體會後聯訪詢問除擬找前總統馬英九的夫人周美青和同黨籍高雄市長參選人韓國瑜同台外，是否要舉行週末大型造勢和遊行活動。丁守中表示，市黨部有相關規劃，後續有全台6都及各縣市連線活動。
丁守中說，目前仍以走入群眾、社區、社團和夜市拜票為主，如此最能接觸到各個階層群眾；同時因為國民黨有紮實基層組織，加上提名眾多市議員和里長參選人，會一起共同造勢、全面衝刺。
同時，也會加強空軍戰術，以爭取年輕人和中間選民支持。
媒體追問如何看最新一份民調顯示，藍、綠政黨2月支持度相去不遠，但國民黨在10月已大幅領先綠營。丁守中表示，各單位所做民調有各自策略目的，大家看看就好，自己會全力衝刺，開票當日結果就是戳破很多氣球的時候。（編輯：張銘坤）1071021",2018-10-21 12:03:32+08:00,中央社,https://tw.news.yahoo.com/選戰倒數-丁守中-將進行6都連線造勢-040332934.html
高雄又老又窮？市府提數據打臉韓國瑜,"政治中心／綜合報導
國民黨高雄市長候選人韓國瑜選戰主打「高雄又老又窮」，高雄實際狀況是如何呢？高雄市府攤開數字打臉韓國瑜，根據統計營利事業銷售額，打臉韓的說法。根據統計，105年高雄市營利事業銷售額達4兆1,290億元，106年高達4兆5,146億元，在全國各縣市中，僅次於台北市與新北市，居全國第三名，成長幅度達9.34%，為六都之最。
▲高雄新興景點「棧二庫」假日吸引不少人潮。（圖／資料照）
 
106年高雄市營利事業營業家數為16萬1,076家，較上年（105）底的15 萬7,693家增加了3,383家，成長率2.15%。雖然近來有部分商圈生意受到影響，分析主要是商圈移轉與電子商務興起，但仍有不少新興人潮的聚集點，像是棧貳庫、駁二、巨蛋商圈、夢時代、瑞豐夜市、鳳山文山特區等，不論平日或是假日人潮都很多。
另針高雄市債務問題數度遭藍營批評，高雄市新聞舉指出，陳菊3屆市長任內舉借1037億、也償還了1208億元，「還的比借的還多」！概括承受歷任高雄市長及高雄縣債務1380億，包括國民黨主席吳敦義擔任高雄市長時期的464億債務在內。另外，在吳敦義擔任行政院長時曾承諾，縣市合併後補助不變沒想到事後跳票，害得高雄短缺補助款818億元補助款，若國民黨虧欠高雄，陳菊應該不用舉借超過千億元了。
 
▼▲高雄新興景點「棧二庫」假日吸引不少人潮。（圖／資料照）
更多三立新聞網報導韓大學舊照！網笑虧：有頭髮竟認不出韓揍扁吳敦義讚允文允武 陳致中怒了韓逆襲高雄？她曝這比例才叫五五波！他一圖曝韓國瑜拋不開的「巨大劣勢」",2018-10-21 11:40:34+08:00,三立新聞網 setn.com,https://tw.news.yahoo.com/高雄又老又窮-市府提數據打臉韓國瑜-034034404.html
台北市長民調 柯文哲大幅領先 超過丁守中、姚文智加總,"台灣民意基金會今(21)日公布民調，現任台北市長柯文哲的支持度42.1%，遠超過國民黨候選人丁守中和民進黨姚文智的加總，顯現柯文哲在年底勝選的機率非常高。

這份民調的問題是「如果明天投票，台北市長5位候選人，您會投給誰？」統計之後，5人支持度依序為：柯文哲42.1%、丁守中28.5%、姚文智11.6%、李錫錕2.4%、吳萼洋0.2%，另外有7.4%民眾尚未決定，3.9%表示當天不會去投票。

台灣民意基金會表示，從比較今年2月所做的調查發現，在藍綠持續打擊柯文哲的8個月中，柯文哲的支持度雖然從47.6%，下降到42.1%，卻依舊大幅領先丁守中、姚文智兩人。其中，丁守中的支持度往上揚，上次民調是25.2%，現在為28.5%，增加3.3個百分點。反觀姚文智，打柯之後，民調竟然下降，2月的支持度是15.6%，現在降到11.6%，少了4個百分點。

在「政黨認同」方面，對民進黨認同者，有50.1%支持柯文哲，36.1%支持姚文智，顯示綠營支持者中，有許多票都流向柯文哲。在國民黨認同者方面，55.4%支持丁守中，35.2%支持柯文哲，顯示柯文哲對藍營選民依舊有強大的吸引力。在中性選民方面，45.7%支持柯文哲，14.3%支持丁守中，6.6%支持姚文智，顯示柯文哲是新興的「白色力量」。

如果以「年齡」交叉分析，可發現柯文哲吸納大量年輕選票，在44歲以下的選民部分獲壓倒性的優勢，其中在20到24歲的族群，甚至拿到74.1%的絕對性支持度，遠勝丁守中的19%，和姚文智的2%。但如果年紀超過45歲以上的選民，比較支持丁守中。如果再拉到70歲以上的年老選民，姚文智就勝過柯文哲8個百分點。

這份民調由台灣民意基金會董事長游盈隆負責問卷設計、判讀、與撰寫報告，委託山水民意研究公司實施電話民調。訪問期間是10月14日到16日，以全國為範圍，針對20歲以上成年人實施調查，有效樣本數1074人，抽樣誤差在95%信心水準下，正負3個百分點。
更多 NOWnews 今日新聞報導 聞聲救苦 吳芳銘協助車禍 陳其邁重申高雄重要地位 呼籲選民站出來",2018-10-21 11:21:11+08:00,今日新聞NOWnews,https://tw.news.yahoo.com/台北市長民調-柯文哲大幅領先-超過丁守中-姚文智加總-032111627.html
葛特曼直指柯文哲是騙子 六成北市選民不同意,"[新頭殼newtalk] 年底選舉逼近，台灣民意基金會今（21）天公布台北市長最新民調，關於候選人在「品德」、「能力」與「信賴」評價上，現任市長柯文哲能獲得較多台北市選民的青睞，都拔得頭籌，丁守中則居次，姚文智排第三。此外，葛特曼直指「柯文哲是騙子（liar）」一事，有六成的人不同意，顯示受影響的只有少數人。
台灣民意基金會今天在台大校友會館召開「2018台北市長選戰鹿死誰手」民調發表會。關於葛特曼事件，最新民意顯示，在台北市選民中，有一成九的人基本上同意葛特曼所說的「柯文哲是說謊的人」，但是，高達六成的人不同意。這顯示了絕大多數台北市選 民並沒受葛特曼指控的影響，受影響的只是少數人。
此外，民調也顯示，攸關候選人評價，在「品德操守」方面，在台北市選民當中，有超過三分之一的人認為柯文哲在五位市長候選人中是品德操守較好的一位，兩成八的人認為丁守中較好，接近一成的人說姚文智較好，其他兩位候選人則都在百分之三以下。
其次，在「誰較能促進台北市的繁榮與發展」方面，有三成九的人認為柯文哲較能促進台北市的繁榮與發展，其次是丁守中的兩成六， 第三是姚文智的一成一。三個候選人各有其支持者，但肯定柯文哲的人遠遠多於其他兩人，是不爭的事實。
最後在「誰值得信賴」部分，有三成九的人認為柯文哲比較值得信賴，其次是丁守中二成九，第三是姚文智一成一，其他都在百分之三以下。
至於柯文哲的施政表現，民意顯示，有五成六的台北市選民對柯文哲近四年來的施政表現基本上滿意，但還是有三成六的人不滿意。滿意的人比不 滿意的人多 20 個百分點，台北市民選前這樣的意見氛圍，對現任市長柯文哲的連任之路當然是有利的。
這項調查由台灣民意基金會委託山水民意研究公司，在14至16日三天進行電話訪問20歲以上成年人,有效樣本1074人，抽樣誤差在95%信心水準下約正負2.99%。",2018-10-21 11:14:22+08:00,新頭殼,https://tw.news.yahoo.com/葛特曼直指柯文哲是騙子-六成北市選民不同意-031422233.html
比愛河更適合 韓國瑜要王世堅跳「這裡」,"民進黨台北市議員王世堅日前在政論節目誇下海口，稱國民黨高雄市長候選人韓國瑜不可能會當選，「如果發生這狀況，我又要再去跳海了」。對此韓國瑜曾幽默回應要王世堅去跳愛河，不過，韓國瑜改變心意，又找到了一個比愛河更好的地方。

王世堅日前上政論節目，被問及如果韓國瑜當選怎麼辦，王世堅信誓旦旦的說「不可能的事啦」，不過如果韓真的當選，自己又要去跳海了。只是王世堅後來改口，自己無意在高雄市長選戰打賭「我只有柯文哲落選會剃光頭」。

▲王世堅澄清自己無意在高雄市長選戰打賭，只有柯文哲落選時會剃光頭。（圖／翻攝自王世堅臉書）

而韓國瑜 20 日前往高雄茄萣區情人碼頭搭船艇遊興達港，認為興達港花了上百億建設，雖然周邊的魚市場相當活絡，卻沒好好發展觀光，相當可惜。

接著韓國瑜話鋒一轉，說此行另一個目的就是幫王世堅尋找適合的跳海地點，他認為興達港內海相當安全，如果王世堅拒絕跳愛河，那興達港應該很適合。
更多 NOWnews 今日新聞報導 聞聲救苦 吳芳銘協助車禍 陳其邁重申高雄重要地位 呼籲選民站出來",2018-10-21 11:05:58+08:00,今日新聞NOWnews,https://tw.news.yahoo.com/比愛河更適合-韓國瑜要王世堅跳-這裡-030558696.html
台灣民意基金會民調：柯文哲42%居首、丁守中28%、姚文智11%,"[新頭殼newtalk] 年底台北市長選舉進入最後一個月的衝刺階段，台灣民意基金會今（21）天公布民調結果，顯示柯文哲以四成二居首，丁守中獲二成八緊接在後，姚文智僅獲一成一，進一步與二月民調結果比較，顯而易見地，丁與姚從未構成柯文哲真正的威脅。
財團法人台灣民意基金會今天舉辦「2018台北市長選戰鹿死誰手民調記者會」，邀請基金會董事長游盈隆、前台北市副市長與台北市立大學教授丁庭宇、東華大學教授施正鋒、世新大學教授陳宜倩講評。
民調詢問，「距離 11 月 24 選舉投票日，只剩一個多月，在這五人當中，您已決定要投給誰了嗎？」結果發現：55.9%說已經決定了，38.7%還未決定，4.2%明確說不會去投票， 1.3%不知道、其他、拒答。」游盈隆指出，有近四成民眾尚未決定投票給誰，選戰最後階段，候選人與政黨還有很大衝刺空間。
此外，民調還問到，「如果明天投票，在這五個人當中，您會投給誰？」結果發現：42.1%支持柯文哲，28.5%支持丁守中，11.6%支持姚文智，2.4%支持李錫錕，0.2%支持吳萼洋，7.4%尚未決定，3.9% 不會去投票，3.9%不知道、其他、拒答。
游盈隆表示，這些數字顯示，柯文哲目前一馬當先，且遙遙領先居次的丁守中13.6%，領先姚文智 30.5%。若和二月「天龍國選民眼中的柯文哲」民調結果比較，「柯文哲大幅領先丁、姚兩人的基本態勢經八個月後，竟然沒有大的改變」，丁守中相較於二月的25.2%，只增加3.3%，姚文智則從15.6%下降4%，顯而易見地，丁與姚從未構成柯文哲真正的威脅。
這項調查由台灣民意基金會委託山水民意研究公司，在14至16日三天進行電話訪問20歲以上成年人，有效樣本1074人，抽樣誤差在95%信心水準下約正負2.99%。
延伸閱讀：
柯Ｐ在公園造勢遭罰 競選總幹事小野今在臉書致歉
民進黨昨與喜樂島南北拚場 新勇哥物語酸:3千人漏氣難看",2018-10-21 11:03:28+08:00,新頭殼,https://tw.news.yahoo.com/台灣民意基金會民調-柯文哲42-居首-丁守中28-姚文智11-030328789.html
「會坐視連線」獨缺姚文智 孫大千批蘇貞昌: 毫無擔當的魄力,"【民眾新聞網綜合報導】年底九合一大選，民進黨新北市長候選人蘇貞昌推出「會做事連線」，宣傳海報少了一河之隔的民進黨台北市長候選人姚文智，引發各種揣測，而蘇團隊、姚文智異口同聲闢謠，表示連線人物都是民進黨現任的縣市長。對此，國民黨籍前立委孫大千表示，蘇貞昌這種「只想佔便宜，不願扛責任」的醜態，真的丟盡了民進黨的臉。
 
孫大千認為，說什麼「會做事連線」中的鄭文燦、林右昌和林智堅都是現任的縣市長。難道，只有現任的縣市長才「會做事」嗎？這算是什麼樣的一個鬼邏輯呀！
 
孫大千指出，蘇貞昌自己也並不是現任的縣市長啊！那麼，為什麼不能把姚文智一起放進來呢？有新北市、桃園市、新竹市、和基隆市，就是獨獨缺了台北市。這樣的組合，不會覺得很奇怪嗎？
 
孫大千覺得更好笑的是，竟然還要硬拗成，因為這些人與蘇貞昌早就有共事過，所以交情匪淺。難道姚文智跟蘇貞昌以前不是在同一個政黨嗎？還是這兩個人交情普通，不值一提呢？
 
孫大千表示，其實說白了，蘇貞昌不過就是「大小眼」嘛！他想沾鄭文燦、林右昌和林智堅的光，然而，卻害怕被姚文智拖累，所以避之唯恐不及，不是嗎？
 
孫大千說，身為黨內的大老，毫無擔當的魄力。只會把責任推給「黨中央的安排」，卻不願意主動去提攜後進。這樣的政治人物，早就應該把自己當成古董，放在博物館裡供人觀賞就好了，不要出來丟人現眼了。",2018-10-21 10:54:31+08:00,民眾日報,https://tw.news.yahoo.com/會坐視連線-獨缺姚文智-孫大千批蘇貞昌-毫無擔當的魄力-025431902.html
台灣民意基金會民調》「liar」指控打不倒他！柯文哲信任度40%，遠勝丁守中、姚文智,"《屠殺》作者伊森．葛特曼（Ethan Gutmann）日前來台，批台北市長柯文哲是「Liar」。不過根據台灣民意基金會最新調查，只有1成9的人同意葛特曼的說法，這份民調並顯示，無論品德、能力及可信賴的程度，肯定柯文哲的人遠遠多於丁守中和姚文智。
台灣民意基金會針對台北市長候選人的品德操守、人格特質和執政能力進行調查，結果在3項重要候選人特質中，柯文哲都拔得頭籌，得到最多台北市選民的青睞。
在「品德操守」方面，柯文哲以35%支持度，勝過國民黨丁守中28.2%、民進黨姚文智的9.5%。在「信賴程度」方面，柯文哲以40.1%支持度勝過丁守中28.6%，和姚文智11.4%。
台北市民對候選人的評價－品德操守。（台灣民意基金會提供）
台北市民對候選人的評價－「誰較值得信賴？」（台灣民意基金會提供）
針對「執政能力」，台灣民意基金會詢問「5位候選人中，您覺得『誰較能促進台北市的繁榮與發展』？」結果柯文哲以39.4%支持度，勝過丁守中25.6%和姚文智11.3%，顯示肯定柯文哲的人遠遠多於其他兩人，姚文智則始終墊底。
台北市民對候選人的評價－「誰較能促進台北市的繁榮與發展？」（台灣民意基金會提供）
台灣民意基金會另外詢問，對於先前葛特曼來台，在記者會表示「柯文哲是說謊的人」，民眾是否同意？結果有高達6成的人不同意，同意者僅19%。且以「政黨支持」者來看，民進黨支持者有5成不同意葛特曼說法，國民黨支持者也有6成不同意；中性選民，有59%不同意，僅12%同意。
台北市民對葛特曼事件的反應。（台灣民意基金會提供）
進一步分析，只有強烈的民進黨認同者，過半數（53%）同意葛特曼說法；強烈的國民黨認同者，不同意葛特曼說法的人仍是占多數（48%），顯示葛特曼事件對台北市選民的影響有限，對整體選情的衝擊也不大。（推薦閱讀：說台灣是「商品」被批失言 柯文哲：難道要說我們最偉大，美中都聽我們的！）
本次調查由台灣民意基金會董事長游盈隆負責問卷設計、研究發現判讀、報告撰寫，以及相關公共政策意涵解析，委託山水民意研究公司進行電話民調，訪問期間是10月14日到16日；以全國為範圍的20歲以上成年人；有效樣本1074人；抽樣誤差在95%信心水準下，約正負3個百分點。經費來源是台灣民意基金會。
相關報導● 台灣民意基金會民調》柯文哲支持度42.1%，丁守中加姚文智還贏不了他● 台灣民意基金會民調》藍升綠降！支持民進黨的台北市選民剩16.9%",2018-10-21 10:10:01+08:00,風傳媒,https://tw.news.yahoo.com/台灣民意基金會民調-liar-指控打不倒他-柯文哲信任度40-遠勝丁守中-021001802.html
白派蕭漢俊挺韓國瑜 陳其邁不受影響 強力固樁,"日前國民黨高雄白派大老蕭漢俊，表態支持國民黨市長候選人韓國瑜，對此，民進黨市長候選人陳其邁則是展現基層實力，一連三場後援會成立，就在路竹、阿蓮和湖內等地區，直搗白派和王金平的大本營，陳其邁強力固樁的意味濃厚。

▼（圖／東森新聞）

主持人：「陳其邁當選，陳其邁當選。」

路竹後援會成立，陳其邁受到民眾歡迎，外界好奇，日前國民黨白派大老蕭漢俊表態力挺韓國瑜，陳其邁怎麼看。

民進黨高雄市長候選人陳其邁：「我們長期跟農會，從過去花媽市長跟我，都對農會都非常的深耕，也跟他們都有非常深厚的一些交情，對農會跟漁會，我們都非常的有信心。」

▼（圖／東森新聞）

陳其邁不受影響，繼續強力固樁，三場後援會成立，就在原高雄縣區的路竹、阿蓮、田寮和湖內，因為這裡就是白派勢力範圍，也是前立法院長王金平的大本營。

民進黨高雄市長候選人陳其邁：「一個13歲的國中生，說要支持我，叫我要加油，我說為什麼，他說韓國瑜都是亂講，都是騙人的。」

▼（圖／東森新聞）

在台上火力全開批韓國瑜，致詞完，陳其邁抓空檔吃起米粉羹，傾聽後援會的意見外，也不忘推銷在地美食。

民進黨高雄市長候選人陳其邁：「清和宮門口，這兩個包子都要排隊的，這個是網路上很出名很夯的，真的是好吃。」

陳其邁馬不停蹄，因為還有一攤在湖內。

民進黨高雄市長候選人陳其邁：「所以我來跟大家拜託一件事情就好，你家若十票，你就看其邁來幾次，按照比例來分票這樣好不好，如果說韓國瑜比我來更多次，對我們湖內地區，他比我們花媽更照顧，政策比其邁更好，這樣你投韓國瑜，我沒意見」。

向選民溫情喊話，陳其邁絲毫不受白派大老蕭漢俊力挺韓國瑜的影響，陳其邁說要用行動證明，他比對手來的數次更多，才是做事的人。

（封面圖／東森新聞）
更多東森新聞報導
● 宣傳反併吞護台灣 陳其邁嘆對岸網軍假新聞介入
● 泡湯到一半…溫泉會館烤箱突冒火燒穿屋頂！遊客嚇傻
● 女吐白沫離奇身亡！男友3天後輕生 遺書內容超嚇人",2018-10-21 09:38:00+08:00,EBC東森新聞,https://tw.news.yahoo.com/白派蕭漢俊挺韓國瑜-陳其邁不受影響-強力固樁-013800275.html
擔心韓國瑜逆轉勝？ 陳其邁：我沒選上會「影響全台灣」,"年底九合一大選倒數1個月，其中高雄市長選情相當激烈，民進黨高雄市長候選人陳其邁日前向台下支持者道歉，坦言自己非常擔心此次選舉，但他隨即便反問「我怎麼可以選輸？」最後更強調，若自己沒有選上，將會影響全台灣。
 
高雄市長選戰激烈，國民黨候選人韓國瑜從原本差距懸殊，到現在和民進黨候選人陳其邁打成五五波，對此，陳其邁日前在「新高市總工會政策座談會」中，先向替他緊張的支持者道歉，但他也對支持者喊話「困難的時候我在這裡」，表示這場選戰一定要贏，希望大家能幫他多拉票。
 
陳其邁強調，自己在高雄深耕許久，對高雄有一定的了解跟感情，加上這麼多人如此認真打拚，他反問支持者「我怎麼可以選輸？」，他保證未來若當選，一定會跟中央一起在這幾年內讓高雄再「翻一番」，讓高雄能夠繼續進步，陳其邁也提到，萬一自己最後沒有選上，將會影響全台灣。
 
2018全台選戰風雲 TVBS最新大數據分析
更多 TVBS 報導不滿名字被利用！周玉蔻怒批韓國瑜22歲小編「沒禮貌」擁有18年民進黨齡！ 「鑄劍大師」郭常喜表態挺韓國瑜高嘉瑜要吳音寧跟韓國瑜辯論 網友驚：這算幫忙嗎？
高雄市長選情「大人有多噁心」嗆翻2名嘴周玉蔻警告小編別再出現 被酸爆「大人多噁心」暴紅 柯P：英雄出少年一句話讓名嘴語塞 小編戰力爆表這樣練的韓國瑜2正妹助理！PK陳其邁最正發言人
＿＿＿＿＿＿＿＿＿＿＿＿＿＿
有話想說？歡迎投稿>>>【Yahoo論壇】",2018-10-21 09:26:52+08:00,TVBS新聞網,https://tw.news.yahoo.com/擔心韓國瑜逆轉勝-陳其邁-我沒選上會-影響全台灣-012652446.html
「易大師戰趙信」 陳其邁、蔡鴻瑋電競搏出滿堂采,"由高雄市體育會主辦，高雄市宏偉文教協會執行長、議員候選人蔡鴻瑋與樹德科技大學策畫承辦的「高雄市電競英雄決戰」，20日在夢時代會議廳舉行。在現場爆滿年輕觀眾加油吶喊下，蔡鴻瑋率立志中學立志猩勢力戰隊，於陳其邁率領的樹科大暴風樹戰隊展開LOL對戰，兩人的電競初體驗笑聲與掌聲不斷，都直呼電競選手不好當，比當立委、議員還難。
陳其邁今天選用無極劍聖易大師，他以易大師「最鋒利的刀鋒，也無法與一顆和平、平靜的心相匹敵。」來形容電競初體驗。蔡鴻瑋選用趙信出戰，他表示趙信是有名的「坦克」，也就是團隊重要的守護者，經常率先深入戰場，為隊友吸收大部分的傷害、創造獲勝的空間，這樣的守護者角色和他參選議員有相同之處。
在樹科大暴風樹戰隊、立志猩勢力戰隊專業選手指導下，陳其邁的易大師和蔡鴻瑋的趙信進行激戰，剛出場時兩人分不清東南西北，這個正面有敵軍不打，那個一躲就迷路，引來哄堂大笑。隨後漸入佳境，雙雙交鋒引來現場大叫，激烈接戰更引來喝采連連，在兩位專業賽評的帶動下，現場氣氛十分熱烈。對戰結束後，暴風樹戰隊、立志猩勢力戰隊各送一個寶物給兩人，陳其邁接到易大師的無極之劍，蔡鴻瑋也獲守護寶物。
高雄市將於11 月9日舉辦「2018 IESF 世界電競錦標賽」，高雄市宏偉文教協會執行長蔡鴻瑋率先邀請樹德科大、立志中學一起合作，舉辦電競對戰和對談會，共同推廣高雄電競產業。樹德科技大學的電競產業管理學士士學位學程、立志中學的電競經營科，前者是全國大學唯一、後者是全國高職唯一設有電競人才培訓科系的學校，不但擁有電競專業人才培訓與師資設備，樹科大的暴風樹戰隊、立志猩勢力戰隊也都是電競戰績顯赫的隊伍。
針對電競產業在高雄的發展前景，陳其邁主張要再亞洲新灣區成立台灣第一個電競產業園區、盤點利用市府閒置空間招商引資、發展一條龍完整的電競產業鏈、結合流行音樂動漫等吸引電競產業週邊產業、電競人才札根學歷教育、職業教育、爭取大型電競賽事並建立在地戰隊等。
蔡鴻瑋都看好高雄電競產業，電競產業更是鴻瑋主推的政見，在其文宣品、影片中屢次宣傳電競政策。他表示許多人還對電競有誤解，認為打電動不能當正經工作、不會出頭天，許多家長甚至怕小孩誤入歧途。但事實上，電競主開直播時觀看人數比綜藝節目還多，廣告有巨大收益，許多商品加上的電競兩字，價錢就能以倍數成長。在這個世代，許多不認識的歌星，但幾乎都認識電競上叱咤風雲的人物。當有國際賽事，他們為國爭光，我們也為他們感到光榮。
蔡鴻瑋更指出，電競產業有完整的上下游，從硬體周邊、遊戲、競賽、節目製作到直播有完整的供應鏈。台灣電競人口達到600-700萬，每四個台灣人就有一個在玩遊戲，根據twitch統計，台灣為世界流量排名第五的國家，而且流量前段的城市，高雄就是其中之一。蔡鴻瑋表示電競產業適合高雄發展，他會全力配合陳其邁市長一起打拼，為高雄新增一個產業。
更多新聞推薦
● 普悠瑪超速翻車 台鐵局長：駕駛關閉ATP自動防護系統",2018-10-21 09:23:13+08:00,台灣好新聞報,https://tw.news.yahoo.com/易大師戰趙信-陳其邁-蔡鴻瑋電競搏出滿堂采-012313517.html
【Yahoo論壇／詹為元】面對大巨蛋 柯文哲是來善後？還是砸蛋？,"作者為政治大學東亞所博士班
大巨蛋，或許許多台北市民聽到這名詞時，心中是想著又來了。也或許許多市民根本早已不關心是死是活，早已麻木。無奈的是，每當選舉到來，大巨蛋就一次次的成為政治人物的提款機，不斷地消費與攻防。不過，我們不該怪罪政治人物的消費，而是應該去思考為什麼大巨蛋已經被提款了20多年，為什麼直到今日仍是選舉的熱點議題？
原因很簡單，那就是大巨蛋的問題一直沒有解決。大巨蛋是在棒球迷萬眾矚目、眾所期待的情況下決定興建，不過中間經過選址風波、招標不易、貪汙索賄等事，一波三折，民眾對大巨蛋印象也愈來愈差。就在這個時候，柯文哲當選了台北市長，雷風厲行的將大巨蛋打為五大弊案之一，並帶頭與遠雄對著幹，市民重新燃起對大巨蛋的希望與期待。此時的台北市民，心中殷殷期盼一個會做事，能解決問題，且有效率的市長，很不幸地，市民的期待又再度落空。
日前面對國民黨籍的市長候選人丁守中所提出的大巨蛋質疑，柯文哲語帶不屑的回答說：「大巨蛋是馬、郝時期留下來得爛攤子，丁還好意思說？我現在是來善後的。」面對善後說，我只想代替市民問一句：「你解決了嗎？」我再問一句：「你解決了嗎？」最後加問一句：「你解決了嗎？」很遺憾，柯文哲經過將近四年的執政，對於大巨蛋還是一籌莫展。當初自己雷風厲行說的「五大弊案」，現在隻字不提。當初說信心滿滿的說大巨蛋問題「兩週內了結」，結果什麼也沒做。這也難怪丁守中抨擊柯文哲是「要拆無膽、要蓋沒臉。」
檢視目前台北市三位主要的市長候選人對於大巨蛋的政見，柯文哲完全棄守，就連這次選舉所推出的台北藍圖市政白皮書中，完全找不到對大巨蛋的規劃，或許大巨蛋問題柯文哲根本就不重視。而民進黨籍的姚文智則提出「立即解約、市府接管」，的確是一個十分有魄力的方案。不過他卻忽略了一件事情，遠雄集團面對整個巨蛋的案子已經投入將近370億元左右的成本，因此若台北市政府解約，因為地上物產權屬於遠雄，因此市政府必須「鑑價買回」。所以姚文智勢必要面對如何生出這麼多錢，以及市議會是否肯放行預算的困境。另外，此方案不啻是全民買單，將市民的納稅錢拿來賠償給遠雄，市民能否接受也是場考驗。
國民黨籍的丁守中則認為，大巨蛋不能一拖再拖，根據他的計算，柯文哲上台這四年，大巨蛋除鏽、126家廠商停工、商業與球場使用的延遲加起來，約莫浪費了200億台幣。而現在大巨蛋卡住最關鍵的問題就是安全問題，而影響安全的指標就是容留人數過高導致逃難不及，因此無法過關。既然問題已被點出，丁守中認為解決方案很簡單，因為最後核發使用執照的權力掌握在市政府手中，所以市政府可以此要求遠雄降低容留人數的上限以符合逃生標準。除了容留人數以外，面對結構等等的公安問題，丁守中提出將找無利益衝突關係的學者專家、技師團體、工程師建築師，徹底對大巨蛋公安總體檢。而面對不論是遠雄還是過去市府人員傳出索賄傳聞等事件，法律歸法律，該追究的責任一定追究到底。
若按照原本的時程，台北現在早已有顆美輪美奐的大巨蛋了。但現在從東區往信義區走，過了光復南路之後，真的就黑壓壓的一片，堪稱台北市的黑暗區。政府是一體性的，前朝留下來的不管是「好攤」還是「爛攤」，承繼者都需要概括承受。不過一位有能力的執政者，就是面對再艱難的問題都有辦法解決，而不是置之不理，放著擺爛。
柯文哲剛上任的時候的確帶給市民無限的期待與希望，大家都期待大巨蛋的問題能在他手上解決，但最後卻是呈現柯文哲的能力不足，進退維谷，大巨蛋有如核四廠一般，被無限期擱置，因為柯文哲到現在對於大巨蛋到底要蓋要拆，始終沒有給出明確的方向。或許這樣拖延模糊、曖昧不清的立場，就是柯文哲口中的善後吧！
 
＿＿＿＿＿＿＿＿＿＿＿＿＿＿
【Yahoo論壇】係網友、專家的意見交流平台，文章僅反映作者意見，不代表Yahoo奇摩立場 >>> 投稿去",2018-10-21 09:00:06+08:00,詹為元,https://tw.news.yahoo.com/【yahoo論壇%EF%BC%8F詹為元】面對大巨蛋-柯文哲是來善後？-010006842.html
名家論壇》島島／侯友宜與蘇貞昌黃金交叉的關鍵,"歷年來有志問鼎直轄市長，能代表大黨參選的政治人物，就算實力還不足以當選，參選者也必然是擁有一身好功夫，畢竟直轄市都是台灣的重要城市，享有豐沛行政資源，首長若做得好，大有可能更上一層樓。但是，這一回代表國民黨參選新北市長的侯友宜，雖然在參選之初還頗有首次選舉的新鮮感，至今唯一的議題卻是只有「反深澳電廠」一題，連民進黨政府都已經宣告停建，他還是只會消費深澳電廠。

如果侯友宜不是過於懶惰，就是空洞。以侯友宜的警察本色來說，不可能是懶惰，所以唯一的可能就是空洞了。

那究竟為什麼侯友宜這麼空洞？這得從侯友宜的「奉命行事」來說起，才能瞭解到他的根本性格，而這樣的性格，也導致他缺乏作為一個直轄市首長該有的視野跟格局。

侯友宜在面對外界質疑他過去參與執行拘捕鄭南榕時的角色跟立場時，他不變的說法就是他身為公務員依法執行，對他來說是問心無愧，甚至「再發一次拘票，我還是要去執行。」。

除此之外，侯友宜也還會再補充說「當時的時空環境背景是已經解嚴，執行抓鄭南榕的任務對當時是基層員警的他來說，就是一個法律的過程中要去執行的事項。」。

在這要先來說明清楚的是，鄭南榕被拘捕的1989年，雖然是已經解嚴，但是惡法「懲治叛亂條例」、刑法第100條可都還沒廢除，可都還是存在言論叛亂啊。不然鄭南榕為什麼會因為只是在雜誌上刊登了許世楷的《臺灣共和國憲法草案》，就被涉嫌叛亂傳喚出庭。

以此可見，侯友宜會說出這種話，表示他認為他依照惡法執行拘捕鄭南榕，其實也就像是依照道路交通管理處罰條例去開交通罰單一般，沒什麼兩樣。所以就算是已經來到2018年，他仍然覺得「再發一次拘票，我還是要去執行。」，他認為他不過是個奉命行事的公務員。

事情當然沒有這麼簡單，侯友宜當年奉行的就是惡法，就是不正義，這是毫無疑問的。但是侯友宜很顯然缺乏反省，他並沒有跟上台灣社會一步一步發展起來的民主，他仍然活在奉命行事的過去。假如侯友宜會反省，他肯定會有不同的說法，他會說他跟台灣社會一樣，也經歷了民主成長，他極力反對他所曾經歷的過去，他若是在當時擁有現在的民主信仰，他會有不同的選擇。

但是，已經幾十年過去，因為侯友宜沒有反省、進步能力，他仍然堅持「現在再發一次拘票，我還是要去執行」，仍然信守迎合長官命令奉命行事的原則。也因為侯友宜沒有反省、進步能力，侯友宜的空洞，就來自於他長期的「奉命行事」，來自於他只懂得聽從上級的指導，只知道如何逢迎長官，如今自己想要做行政首長，才發現自己並沒有屬於自我的價值，根本不知道如何領導一個城市。

當然，奉命行事也還是一種優點，而這不也就是他多年來能夠遊走藍綠擔任高官的重要原因？侯友宜不計價值，唯長官命令「奉命行事」，管它是藍是綠。
作者：島島／資深政治評論家
本文為作者評論意見，不代表《NOWnews今日新聞》立場
《今日觀點》開拓不同的視野
《今日廣場》歡迎來稿或參與討論，請附真實姓名及聯絡電話，文章歡迎寄至public@nownews.com

更多 NOWnews 今日新聞報導 謝立功馬不停蹄趕場助選 呼籲支持者票投國民黨 陳家平競總成立 飲水思源由祖父披掛競選綵帶",2018-10-21 08:00:15+08:00,今日新聞NOWnews,https://tw.news.yahoo.com/名家論壇-島島-侯友宜與蘇貞昌黃金交叉的關鍵-000015640.html
姚文智來幫站台…批柯 高嘉瑜尷尬,"民進黨台北市長候選人姚文智昨天連跑3場黨內議員競總成立大會，首場是港湖區高嘉瑜。由於姚陣營曾在電視上指高應退黨，兩人後來雖已冰釋前嫌，昨站台時也互祝對方當選，但和其他議員的熱絡相比，仍顯得「相敬如賓」。
姚文智昨稱讚高嘉瑜問政犀利，在捷運聯開案中追回百億經費，但話鋒一轉，姚說市長柯文哲剛上任時，說要向日勝生討回111億元，最後僅討回33億，希望高未來能繼續追回。
姚還批柯文哲無法解決內湖交通問題，若柯能效法高的認真精神，內湖交通問題早就解決了。他並提出自己的解方，半年前就提出的「快慢分流、水陸並進」，讓河運成為紓解交通的方法之一，以及運用智慧城市管理、在捷運站加發直達公車等。
姚說，既然現任市長無法解決內湖交通、大巨蛋問題，就換一個市長，他有信心成為最好的市長。
被視為「友柯」的高嘉瑜，聽到姚文智批柯時略顯尷尬，但姚致詞完後，兩人開心、大方齊喊市長、議員「凍蒜」。
媒體問姚文智，對手丁守中要請出周美青當催票王牌，他會請的王牌是誰？
高嘉瑜隨即搶著回應，稱讚姚就是王牌，姚也接話說，高就是王牌，民進黨所有的議員和支持者、市民都是他的王牌。
北市民政局長藍世聰、都發局長林洲民昨天都到場，但與姚剛好錯開，林洲民還罕見地上台致詞。交通局長陳學台、停管處長張滋容等人也到場致意。
高嘉瑜辦公室表示，有發邀請函給市府官員；交通局說，除了高嘉瑜，昨也到議員顏若芳、吳世正、江志銘、陳重文和侯選人耿葳等總部致意，這是多年傳統。
更多udn報導9歲兒生活週記揭媽媽本性 網友笑：結尾收得漂亮女娃緊抓彩券不放 媽媽無奈買下發現中頭獎570萬玉米筍8大好處必吃 但這幾種人要少吃女星進化刷新美貌 有沒有秀辣腿都很氣質
更多追蹤報導老闆給優惠「直到民進黨下台」空戰開直播 不少候選人是高手設競選總部 有人合八字 有人假日就好不讓跳愛河 韓國瑜要王世堅改跳興達港隨扈與候選人默契好 退休後成頭號助選員
＿＿＿＿＿＿＿＿＿＿＿＿＿＿
有話想說？歡迎投稿>>>【Yahoo論壇】",2018-10-21 06:43:23+08:00,聯合新聞網,https://tw.news.yahoo.com/姚文智來幫站台-批柯-高嘉瑜尷尬-224323841.html
蔡英文五度為姚文智站台 丁守中回防北投,"昨天藍白綠三方齊聚台北市北投，不讓市長柯文哲獨領風騷。民進黨台北市長候選人姚文智6場後援會成立大會，昨晚壓軸選在石牌國中操場舉辦「士林北投區後援會」，總統蔡英文同台造勢，讓原本就是士北立委出身的丁守中緊急回防，昨晚也到石牌商城夜市掃街。
丁守中昨晚由當地振華里長葉光四帶路，在該區議員候選人林杏兒、張斯綱陪同下，眾人高喊「丁守中凍蒜」等口號後，沿街拜訪夜市與周邊的店家、攤商及逛街民眾。
過程中，有民眾迫不及待找朋友或家人拿相機邀丁守中合影，丁也親切與選民握手互動，還有支持者熱情緊握丁的手，但也有人等著買夜市小吃，僅說謝謝但婉拒拿文宣。
姚文智自9月28日起啟動的6場後援會成立大會，昨壓軸則是選在石牌國中操場。姚日前表示，覺得總統蔡英文輔選力道不夠強，希望多批評市長柯文哲，蔡英文昨晚出席姚文智士林北投後援會成立大會，第五度為姚站台輔選，她一上台就說，「我要加強輔選的力道啦」，引發台下哄堂大笑。
民進黨禁止黨公職人員參與喜樂島聯盟的「全民公投反併吞」活動，但仍有許多黨公職人員現身，姚文智也「路過」現場。姚昨晚說，因辦公室就在活動附近，當時車子無法開入，他在原地躊躇再三思考，最後決定既然要回辦公室，加上其中也有曾一起追求台灣獨立自主的好朋友，便走過去。
姚說，大家的主張都一樣，只是步調不同，但訴求反併吞、追求獨立自主、維護民主生活方式與信念，絕對要堅持。
更多udn報導9歲兒生活週記揭媽媽本性 網友笑：結尾收得漂亮女娃緊抓彩券不放 媽媽無奈買下發現中頭獎570萬玉米筍8大好處必吃 但這幾種人要少吃女星進化刷新美貌 有沒有秀辣腿都很氣質
更多追蹤報導獨派反中 雷大雨小 英賴菊全走避「全民公投反併吞」喜樂島逼小英無畏黨禁令 姚文智「路過」喜樂島怕嚇跑中間票 動員刻意半調子大小綠唱和 民進黨搶中間票
相關新聞影音
＿＿＿＿＿＿＿＿＿＿＿＿＿
有話想說？歡迎投稿>>>【Yahoo論壇】",2018-10-21 06:43:23+08:00,聯合新聞網,https://tw.news.yahoo.com/蔡英文五度為姚文智站台-丁守中回防北投-224323338.html
選將隨扈／雖未申請 柯文哲、丁守中、姚文智都有隨扈,"年底選戰激烈，儘管台北市長候選人柯文哲、丁守中、姚文智都未主動申請警察當隨扈，不過北市警局依舊對3人都至少派了一名警察擔任隨扈，另出席公開場合，分局也會加派警力，以確保候選人安全。
無黨籍候選人李錫錕則婉拒警察擔任隨扈，直說「哪來這麼嚴重」。他表示，平時身邊就有一大堆助理和隨行，實在不用警察浪費警力。
柯文哲原本就有3名隨扈輪流值班，出席活動至少有一至兩名隨扈隨行。近來隨著選戰升溫，儘管柯未向市警局申請增派隨扈，市警局依舊加派一名隨扈。除隨扈外，也會有1至2名幕僚隨行。
丁守中競選辦公室發言人詹為元表示，選舉跑到現在，從來沒有遇過陳情、抗議的情況，也沒遇過太激進民眾，原本覺得不用申請，不過市警局建議一定要，目前就是一名隨扈。除了隨扈，隨行幕僚3位。
針對申請隨扈，姚營幕僚表示，就他們了解，正式變成候選人後，警政單位就會強制派一位隨扈，目前姚文智的行程已有隨扈陪同，以及至少一位競辦同仁隨行。
藍、綠新北市長選情漸趨緊繃，侯友宜、蘇貞昌都未向警方申請隨扈。不過兩人公開行程，都能看到便衣刑警到場蒐證。
侯友宜競選總部發言人侯慶莉說，侯每場行程還會有約4名活動和新聞組人員到場，另外由退休警察組成的「新北戰警挺侯後援會授旗大會」，都會自發性到場協助。
蘇貞昌競選辦公室發言人黃韋鈞表示，蘇貞昌跑行程除一名隨行人員，組織部會動員2到3人負責掌握動線和現場狀況，再加上2、3名新聞部人員，有時還會有議員助理加上志工，幫忙掌握現況。
花蓮縣長候選人徐榛蔚、劉曉玫皆申請隨扈，徐榛蔚沿用前縣長傅崐萁當時的隨扈，因經過長時間的相處，默契足、信任度也高。劉曉玫辦公室表示，無特別選擇女性隨扈，如有需要到女性私密場合，像如廁等會由工作人員及助理陪同，隨扈在周邊守護。
更多udn報導9歲兒生活週記揭媽媽本性 網友笑：結尾收得漂亮女娃緊抓彩券不放 媽媽無奈買下發現中頭獎570萬玉米筍8大好處必吃 但這幾種人要少吃女星進化刷新美貌 有沒有秀辣腿都很氣質
更多追蹤報導隨扈與候選人默契好 退休後成頭號助選員老闆給優惠「直到民進黨下台」空戰開直播 不少候選人是高手設競選總部 有人合八字 有人假日就好不讓跳愛河 韓國瑜要王世堅改跳興達港
＿＿＿＿＿＿＿＿＿＿＿＿＿＿
有話想說？歡迎投稿>>>【Yahoo論壇】",2018-10-21 06:43:23+08:00,聯合新聞網,https://tw.news.yahoo.com/選將隨扈-雖未申請-柯文哲-丁守中-姚文智都有隨扈-224323987.html
鄭進一為韓國瑜寫歌 滅火器幫陳其邁競選曲添流行感,"高雄市長選戰打得火熱，表態欣賞韓國瑜的創作鬼才鄭進一，自告奮勇要幫韓寫競選歌曲，鄭進一昨天下午在高雄茄萣區與韓國瑜首次合體；對手民進黨市長候選人陳其邁的競選歌曲則由台中市政府文化局長路寒袖（本名王志誠）為陳其邁填詞的「咱上愛的所在」，並由林宗興（金田一）譜曲，周恆毅編曲。
韓國瑜昨天傍晚到高雄茄萣區為第二選區市議員候選人鄭東元助講，藝人鄭進一也現身競選總部成立會場，兩人受到民眾夾道熱烈歡迎，「凍蒜」聲不絕於耳，人氣紅不讓。
「我就是喜歡他、我就是欣賞他」鄭進一說，他不認識韓國瑜，有次在電視看到韓，覺得怎麼有人講話比他還臭屁，而且臭屁得很正派，就興起替韓國瑜寫競選歌曲的念頭。鄭進一表示，他雖「封筆」許久不再寫歌，這次為韓國瑜破例再出江湖，希望再展現自己的才華，把這首競選歌曲寫進大家的心裡；如果韓當選，他要搬來高雄定居，還要認韓國瑜當乾爹。
鄭說，目前歌曲已有些腹案，很快就能出爐；韓國瑜表示，鄭進一的創作功力，全台知曉，他向鄭表示，高雄目前最需要的是拚經濟，賺錢、賺錢、再賺錢，鄭進一答應根據經濟的狀態，寫一首新歌，表達高雄人的心情。鄭進一說，選舉應該是很快樂的，所以這首競選新歌的基調會是「選舉，就要選乎歡喜」。
路寒袖2004年之後即未再為他人寫歌，這次是14年後為陳其邁再寫歌詞；路寒袖說，陳其邁長年在高雄耕耘，所思所想所做全都為了高雄，高雄縣市合併後，就是有海洋、有高山的美麗城市，這個城市的美好建設要延續下去，最好的人選就是陳其邁。
「咱上愛的所在」最近由滅火器樂團做成流行樂並製作MV，歌曲更具流行感，陳其邁也藉此向高雄市民展現他對流行音樂產業的重視，承諾當選市長，會善用高雄現有與將有的全部軟硬體資源，開創台灣的流行音樂產業。
更多udn報導9歲兒生活週記揭媽媽本性 網友笑：結尾收得漂亮女娃緊抓彩券不放 媽媽無奈買下發現中頭獎570萬玉米筍8大好處必吃 但這幾種人要少吃女星進化刷新美貌 有沒有秀辣腿都很氣質
高雄市長選情「大人有多噁心」嗆翻2名嘴周玉蔻警告小編別再出現 被酸爆「大人多噁心」暴紅 柯P：英雄出少年一句話讓名嘴語塞 小編戰力爆表這樣練的韓國瑜2正妹助理！PK陳其邁最正發言人
＿＿＿＿＿＿＿＿＿＿＿＿＿＿
有話想說？歡迎投稿>>>【Yahoo論壇】",2018-10-21 06:43:23+08:00,聯合新聞網,https://tw.news.yahoo.com/鄭進-為韓國瑜寫歌-滅火器幫陳其邁競選曲添流行感-224323145.html
無畏黨禁令 姚文智「路過」喜樂島接受民眾歡呼,"獨派團體「喜樂島聯盟」今天在民進黨中央前舉辦大型活動，宣傳「全民公投反併吞」，訴求修改公投法，雖然民進黨已經下令黨公職及候選人都不准參加，不過民進黨提名的台北市長候選人姚文智剛剛「路過」向支持喜樂島的民眾打招呼，他說，「我的競選辦公室就在旁邊，一定要來跟大家打招呼。」
姚文智說，他的競選辦公室在民進黨中央黨部旁邊，他要回競選辦公室，且今天參加活動的都是長年來一起為台灣打拚的好朋友，所以一定要來跟大家打打招呼。
姚文智說，他是民進黨提名，但反併吞、追求台灣獨立自主民主生活方式的理念絕對要堅持，不能忘記為台灣打拚到底是為什麼，希望所有「顧本土」的朋友都團結在一起，拜託大家共同相挺，讓他在年底選舉光復台灣首都，很多理念價值都可以透過市長位置來實現。他也說，他演講的舞台在晚上，今晚請大家到石牌國中，他要發表重要內容，非常感謝大家。
一旁有熱情民眾對姚文智說「當選、當選、年底的票都是你的、把柯文哲下架」，對此姚文智也頻道感謝。不過有支持者認為除姚文智之外，民進黨北市議員參選人都沒來「都不用選了？」姚文智說，不要這樣講啦。
更多udn報導9歲兒生活週記揭媽媽本性 網友笑：結尾收得漂亮女娃緊抓彩券不放 媽媽無奈買下發現中頭獎570萬玉米筍8大好處必吃 但這幾種人要少吃女星進化刷新美貌 有沒有秀辣腿都很氣質
更多追蹤報導獨派反中 雷大雨小 英賴菊全走避「全民公投反併吞」喜樂島逼小英怕嚇跑中間票 動員刻意半調子大小綠唱和 民進黨搶中間票執政反打「恐嚇牌」暴露民進黨內政失敗
相關新聞影音
＿＿＿＿＿＿＿＿＿＿＿＿＿
有話想說？歡迎投稿>>>【Yahoo論壇】",2018-10-21 06:43:23+08:00,聯合新聞網,https://tw.news.yahoo.com/無畏黨禁令-姚文智-路過-喜樂島接受民眾歡呼-224323857.html
丁守中 擬邀周美青、韓國瑜站台,"選戰白熱化，國民黨台北市長候選人丁守中陣營，有意邀同黨高雄市長候選人韓國瑜、前第一夫人周美青站台，拉抬聲勢。丁守中昨說，黨部有這樣規畫，感謝各方人士幫忙；不過，前總統馬英九說，要回家去請示。
國民黨台北市黨部主委黃呂錦茹指出，市黨部已向馬英九辦公室徵詢，盡力爭取周美青來助選。目前「馬大姐」馬以南已表達願意替丁守中站台，周美青替丁站台的機率應該不小，只是時間與形式，仍須等馬辦的答覆。
外傳藍營準備找前總統馬英九夫人周美青站台，台北市長柯文哲表示，輕鬆一點，「反正就是這樣。」但他也坦言，比較怕媽媽何瑞英講太多。
國民黨主席吳敦義、前總統馬英九多次替丁守中站台，日前傳出為衝刺選情，丁守中陣營有意找周美青、韓國瑜站台。
丁守中說，不久前，已經在台中與韓國瑜會合過，現在大家都忙自己的選舉，黨部安排的造勢，都會全力以赴；他說，選戰最後的王牌是市民大眾，是中產階級和年輕人。
高雄市黨部指出，韓國瑜與黃呂錦茹有交情，來台北合體同框機率很高。
更多udn報導9歲兒生活週記揭媽媽本性 網友笑：結尾收得漂亮女娃緊抓彩券不放 媽媽無奈買下發現中頭獎570萬玉米筍8大好處必吃 但這幾種人要少吃女星進化刷新美貌 有沒有秀辣腿都很氣質
更多追蹤報導老闆給優惠「直到民進黨下台」空戰開直播 不少候選人是高手設競選總部 有人合八字 有人假日就好不讓跳愛河 韓國瑜要王世堅改跳興達港隨扈與候選人默契好 退休後成頭號助選員
＿＿＿＿＿＿＿＿＿＿＿＿＿＿
有話想說？歡迎投稿>>>【Yahoo論壇】",2018-10-21 06:43:23+08:00,聯合新聞網,https://tw.news.yahoo.com/丁守中-擬邀周美青-韓國瑜站台-224323756.html
陳學聖成立北區競選總部 3前縣長加持,"國民黨桃園市長候選人陳學聖昨在桃園區成立北區競選總部，湧入近萬支持者參與，黨內大咖齊聚相挺，3名前縣長吳伯雄、吳志揚父子檔與朱立倫也接力站台，直指民進黨執政傲慢且不停欺騙，籲選民在11月24日用選票教訓，讓桃園重返藍天。
陳學聖規畫成立北、南區各一處競選總部，北區競總位於桃園區慈文路，並於號次抽籤後隔天率先成立，營造團結勝選氣勢，昨天包括國民黨副主席曾永權、市黨部主委楊敏盛、黨中央輔選團副團長周錫瑋、前立法院長王金平、前黨主席洪秀柱等人接力致詞，數十名黨籍立委、議員也到場。
3名前桃園縣長吳伯雄、朱立倫與吳志揚也首度同場替陳輔選，年近八旬的吳伯雄拄著拐杖現身，雖未致詞，但致贈好彩頭盼陳勝選。吳志揚致詞批評民進黨最可惡是爭功諉過，如龜山捷運棕線案、中油煉油廠案，不是推給前朝就是毫無進度，另外「觀塘換深澳」一事，是背棄守護藻礁承諾，令人憤怒。
朱立倫首度到桃園替陳學聖輔選，朱不滿民進黨執政，搞政治鬥爭、清算軍公教、兩岸停滯倒退等，呼籲市民用選票教訓民進黨，並提到陳民調雖落後20%，但「我們絕不放棄」，要堅持到投下選票的最後一分鐘。
陳學聖接下好彩頭、包粽（中）與「韌性」戰旗等祝賀，壓軸致詞說，自己是以報恩心情參選，希望國民黨再起，也盼「桃園好還要更好」，桃園4年重大建設停擺，快要看不到新北市的車尾燈，自己會做一位老老實實的市長，讓桃園重新再起，讓桃園發光發亮。
針對陳學聖陣營輪番攻訐，鄭文燦昨反擊，「罵人沒辦法成就選舉，選舉不是罵人比賽也不是抹黑比賽」，應提出正面價值；他27日將於桃園區大興西路、正光街口成立北區競總，11月3日成立南區競總。
更多udn報導9歲兒生活週記揭媽媽本性 網友笑：結尾收得漂亮女娃緊抓彩券不放 媽媽無奈買下發現中頭獎570萬玉米筍8大好處必吃 但這幾種人要少吃女星進化刷新美貌 有沒有秀辣腿都很氣質
更多追蹤報導老闆給優惠「直到民進黨下台」空戰開直播 不少候選人是高手設競選總部 有人合八字 有人假日就好不讓跳愛河 韓國瑜要王世堅改跳興達港隨扈與候選人默契好 退休後成頭號助選員
＿＿＿＿＿＿＿＿＿＿＿＿＿＿
有話想說？歡迎投稿>>>【Yahoo論壇】",2018-10-21 06:43:23+08:00,聯合新聞網,https://tw.news.yahoo.com/陳學聖成立北區競選總部-3前縣長加持-224323590.html
不讓世堅跳愛河 韓國瑜要王世堅改跳興達港,"高雄市長候選人韓國瑜昨天在高雄茄萣區情人碼頭搭船艇遊興達港，他發現興達港花費上百億建造，周邊漁市活絡，卻未能發展觀光，實在可惜。遊港時他也不忘調侃王世堅，指是順便幫王尋找適合的「跳海」地點，他認為興達港內港很安全，適合王世堅跳。
國民黨高雄市長候選人韓國瑜昨為同黨市議員參選人鄭東元競選總部成立站台前，先在茄萣情人碼頭搭船艇了解興達港現況，對於興達港空有發展條件，卻任由荒廢，感到十分可惜。建議有機會可在此地舉辦萬人泳渡大賽，肯定比游日月潭轟動。
談到泳渡興達港，他不忘調侃王世堅。韓表示，王世堅說如果他當選就要跳海，如果王拒絕跳愛河，那此行他除了替黨籍候選人站台，另一個目的就是幫王世堅勘查哪裡適合跳海，「興達港內海應該相當適合」。
更多udn報導9歲兒生活週記揭媽媽本性 網友笑：結尾收得漂亮女娃緊抓彩券不放 媽媽無奈買下發現中頭獎570萬玉米筍8大好處必吃 但這幾種人要少吃女星進化刷新美貌 有沒有秀辣腿都很氣質
更多追蹤報導老闆給優惠「直到民進黨下台」空戰開直播 不少候選人是高手設競選總部 有人合八字 有人假日就好蘇獲賴揆3度助陣 侯：市民才是最大咖隨扈與候選人默契好 退休後成頭號助選員
相關新聞影音
＿＿＿＿＿＿＿＿＿＿＿＿＿＿
有話想說？歡迎投稿>>>【Yahoo論壇】",2018-10-21 06:43:23+08:00,聯合新聞網,https://tw.news.yahoo.com/不讓世堅跳愛河-韓國瑜要王世堅改跳興達港-224323040.html
韓國瑜聲勢直上 陳其邁陣營：用10倍時間與市民站一起,"國民黨高雄市長候選人韓國瑜助選能量高，南北站台馬不停蹄。民進黨高雄市長候選人陳其邁競選辦公室發言人趙天麟昨天表示，尊重個別候選人選擇的打選戰方式，陳其邁的方式，就是以十倍於對手的時間，與高雄市民站在一起。
趙天麟說，韓國瑜主打空戰，也許到其他縣市助選，是延續空戰的方式，那是韓國瑜的做法，陳其邁辦公室對此沒有意見，都尊重。陳其邁就是穩紮穩打，每天排定緊湊行程，深入基層，以十倍於韓國瑜的時間，走訪區里與地方接觸，和市民在一起。
韓國瑜民調和網路聲量扶搖直上，意外颳起「韓流」，不只高雄市議員、里長候選人要韓國瑜站台，外縣市同黨候選人也積極邀約。韓國瑜辦公室人員說，光高雄市議員候選人總部成立大會就跑不完，目前初估約一五○個行程「欠著」。
韓國瑜昨天南北奔波逾四百公里，堪稱從台灣尾跑到台灣頭。韓國瑜辦公室指出，宜蘭、屏東行程早已敲定，無法推卻。台南市長候選人高思博、台東縣長候選人饒慶鈴也希望能與韓國瑜合體，「但他們能下來，我們可能無法上去」；基隆、苗栗、新竹、台南、台東及金門也都有邀約。
韓國瑜辦公室指出，「可能民心思變」，所以韓國瑜人氣飆漲，所到之處場子「搶搶滾」。因為感受到人民的期待，大家把希望寄託在韓國瑜身上，希望他能做更多，如果外縣市行程跑不來，會用錄影、視訊方式來略盡心力。
【相關閱讀】‧ 奇兵翻攪深綠票倉 高雄市長最新勝率分析
更多udn報導9歲兒生活週記揭媽媽本性 網友笑：結尾收得漂亮女娃緊抓彩券不放 媽媽無奈買下發現中頭獎570萬玉米筍8大好處必吃 但這幾種人要少吃女星進化刷新美貌 有沒有秀辣腿都很氣質
高雄市長選情「大人有多噁心」嗆翻2名嘴周玉蔻警告小編別再出現 被酸爆「大人多噁心」暴紅 柯P：英雄出少年一句話讓名嘴語塞 小編戰力爆表這樣練的韓國瑜2正妹助理！PK陳其邁最正發言人
＿＿＿＿＿＿＿＿＿＿＿＿＿＿
有話想說？歡迎投稿>>>【Yahoo論壇】",2018-10-21 06:43:23+08:00,聯合新聞網,https://tw.news.yahoo.com/韓國瑜聲勢直上-陳其邁陣營-用10倍時間與市民站-起-224323692.html
蘇貞昌獲賴揆3度助陣 侯友宜：市民才是最大咖,"新北市藍、綠陣營市長候選人昨天各在對方鐵票區「較勁」。民進黨市長候選人蘇貞昌不僅到藍營新店鐵票區衝選情，行政院長賴清德更第三度到板橋、三重站台助陣，爭取新北子弟「頭家」的支持；國民黨市長候選人侯友宜則跨進賴院長家鄉萬里等區里，當對被問及對手請來「大咖」助陣，他說「市民」才是「最大咖」。
蘇貞昌昨天一早到新店區惠國市場掃街拜票，這也是他「第69個市場」掃街拜票行程，全程開直播。對於新店向來是藍營鐵票區，加上最新民調顯示新店區落後對手2%，他說，每一位市民都是我們的頭家，他會到每個角落傾聽市民的聲音，爭取支持。
賴清德昨晚連趕板橋、三重兩大票倉造勢，成為有史以來首度「兩位院長」一起上台造勢。
「新北的子弟」賴清德並提出支持蘇貞昌三理由，包括蘇貞昌「會做事」，蘇貞昌是真「愛新北」，而且蘇貞昌有「好政見」。他拜託大家選個有領導能力、可與中央合作，以及爲台灣民主堅守民主價值的新北市長。
侯友宜昨天到金山、萬里、石門與汐止成立競選總部拜票，攜手地方市議員聯合站台，拉抬聲勢時，對行政院長賴清德站台，侯友宜表示，「他們找誰我沒意見，市民就是我的大咖」。
尤其來到汐止時，侯友宜指出，首要建設為「交通」才是大關鍵，「汐止要有好的交通環境」，像是基隆輕軌等，都需要接續努力，「路是一棒一棒開出來的，還要打拚」，才對得起汐止地區市民。
【相關閱讀】‧ 老縣長挑戰副市長 新北市長最新勝率分析
更多udn報導9歲兒生活週記揭媽媽本性 網友笑：結尾收得漂亮女娃緊抓彩券不放 媽媽無奈買下發現中頭獎570萬玉米筍8大好處必吃 但這幾種人要少吃女星進化刷新美貌 有沒有秀辣腿都很氣質
更多追蹤報導老闆給優惠「直到民進黨下台」空戰開直播 不少候選人是高手設競選總部 有人合八字 有人假日就好不讓跳愛河 韓國瑜要王世堅改跳興達港隨扈與候選人默契好 退休後成頭號助選員
＿＿＿＿＿＿＿＿＿＿＿＿＿＿
有話想說？歡迎投稿>>>【Yahoo論壇】",2018-10-21 06:43:23+08:00,聯合新聞網,https://tw.news.yahoo.com/蘇貞昌獲賴揆3度助陣-侯友宜-市民才是最大咖-224323648.html
為台南女青年培力 高思博推青年政策主打「女性力量」,"為台南女青年培力，打造一個可以讓女性實現人生夢想的城巿，國民黨台南市長候選人高思博主打「女性力量」，20日針對女性提出他的青年政策，將在台南營造一個對女性友善、重視職場女男平等，實質提升婦女社會、經濟地位、可以為年輕女性培力的城市。
高思博指出，目前社會上仍有許多外在環境限制，例如就業歧視，女性升遷緩慢、同工不同酬，這些並非來自女性能力的限制，而是制度需要改變，才能創造友善環境，釋放出女性被壓抑的社會生產力。
台南要發展「女性力量」，高思博指出，農業社會男性的生產力比女性強，但服務業為主的社會可不一定，高思博舉他就讀的台大法律系為例，班上同學考上司法官、律師就女比男多，女生很厲害、很會考試。
因此怎麼樣來為女性培力？讓女孩在年輕時代就能設定目標，為自己人生開創多采多姿的前程，高思博認為，這需要創造一個女男在職場上的平等，社會安全有保障，不讓女性因生兒育女的天職而影響人生夢想，這要制度來支持。
承諾打造友善女性的城巿，高思博在台南提出，廣設公托、補助私托，減輕育兒負擔；掃除毒品、強化治安；營造職場婦女友善環境，杜絕性別歧視與強化親職支援多元系統，不讓婦女只能在職場跟育兒，進行二選一的選擇，要讓台南成為女性可以實現人生夢想的城市。
更多新聞推薦
● 普悠瑪超速翻車 台鐵局長：駕駛關閉ATP自動防護系統",2018-10-21 00:38:57+08:00,台灣好新聞報,https://tw.news.yahoo.com/為台南女青年培力-高思博推青年政策主打-女性力量-163857234.html
蔡英文：民進黨青壯世代最好的人才 姚文智一定是最好的市長,"[新頭殼newtalk] 總統暨民主進步黨主席蔡英文今（20）日出席姚文智士林北投後援會成立授旗授證大會，她在致詞時表示，姚文智是民進黨「青壯世代」最好的人才，替大家服務、替台北市打拚。她相信台北市民，一定有看到姚文智的打拚，給認真的姚文智，來擔台北市這個重擔，讓姚文智來做，他一定是最好的市長。
總統是由台北市長候選人姚文智、行政院秘書長卓榮泰、環保署長李應元、觀光協會會長葉菊蘭、立法委員吳思瑤、國策顧問黃承國、陳茂仁、台北市黨部主委陳正德、士林區後援會會長吳瑞欽、北投區後援會會長郭江寧、議員候選人等地方黨公職陪同，出席姚文智士林北投後援會成立授旗授證大會。
會中由市長候選人姚文智為各後援會授旗授證，民眾熱情揮舞旗幟夾道歡迎，大喊「票投姚文智，萬事都OK」，現場當選、加油聲不絕於耳。
蔡英文致詞時表示，姚文智是民進黨「青壯世代」最好的人才，替大家服務、替台北市打拚。她相信台北市民，一定有看到姚文智的打拚，給認真的姚文智，來擔台北市這個重擔，讓姚文智來做，他一定是最好的市長。
蔡英文說，選戰剩三十幾天。這一路走來，風真大，雨真大，姚文智要替大家服務的這條路，確實難走，「一路上很多人唱衰，說我們不可能達成任務」。
「但是，有市民老闆的支持，我們越走，意志越堅定，我們越走，選情越火熱」，蔡英文表示，「因為我們都知道，我們走這條路，不只是為姚文智、也不只是為蔡英文，是為了守護台灣，守護國家的首都台北市，大家說對不對？」
蔡英文並提到，大家若有去市場，可能會常常遇到姚文智。「大家給他看一下，有曬比較黑」，他實在是很認真打這場選戰，認真握手，用行動表示他的決心。她還說，「我跟大家報告，台北市這戰，民主進步黨跟姚文智，絕對用所有的力氣，拚到最後一秒鐘！」
蔡英文指出，姚文智要選台北市長，準備很久，他是民進黨「青壯世代」的好人才，做過新聞局長，也跟著謝長廷院長去高雄歷練，現在是立法委員，替大家服務、替台北市打拚。
蔡英文並表示，姚文智不只是堅持台灣的價值，他對台北市的發展，也有最好的規劃。他對我們每一區的發展，都有完整的計畫。未來，姚文智，也一定是跟中央合作，最好的市長。",2018-10-21 00:32:59+08:00,新頭殼,https://tw.news.yahoo.com/蔡英文-民進黨青壯世代最好的人才-姚文智-定是最好的市長-163259415.html
綠營南北反併吞大遊行 丁守中批：擁抱急獨 假議題,"【綜合報導】喜樂島聯盟今天在台北發起「全民公投反併吞」大遊行，民進黨也在高雄舉辦 「反併吞、護台灣、反介入、顧高雄」活動。國民黨台北市市長候選人丁守中批評，民進黨當家還鬧事，是政治自我迫害妄想症，他也說，如果不去搞台獨挑釁，怎麼會有併吞的問題？完全是個假議題。
丁守中今天行程滿檔，在台北市各行政區參加黨籍市議員造勢，晚上還會去石牌商城夜市掃街，他是在吳世正競選總部開幕時對媒體做以上表示。他也批評，民進黨每逢選舉就拚台獨，刺激兩岸，對台灣經濟發展很不好。事實上，現在民眾期待發展經濟、顧民生、拚發展，根本不關心民進黨炒作統獨意識這些假議題。
他也在臉書貼文指出，民進黨與喜樂島反併吞遊行南北呼應，根本是獨派拚場，搶奪急獨論述、墨綠光譜話語權。民進黨全面執政、國會絕對多數，居然要往深綠、急獨靠攏，證明民進黨全面潰敗，只能擁抱急獨，放棄中間選民。希望撩撥對岸，讓原本陷入僵局的兩岸關係更趨緊張，根本是把台灣民眾當作肉票。 丁守中也批評，當家不鬧事，民進黨這種惡質作法應該受到嚴厲譴責。但今天的大遊行更將是民進黨一連串急獨動作的開始，接下來到2020，民進黨會以各種更過激手段挑釁對岸，刺激墨綠選民回歸。因此接下來的選舉其實就是一場中華民國保衛戰。台北市作為首都不能缺席，不要再被任何政黨當作肉票，只有自己撐起中華民國，台灣的將來才有保障。
更多追蹤報導獨派反中 雷大雨小 英賴菊全走避「全民公投反併吞」喜樂島逼小英無畏黨禁令 姚文智「路過」喜樂島怕嚇跑中間票 動員刻意半調子大小綠唱和 民進黨搶中間票
＿＿＿＿＿＿＿＿＿＿＿＿＿
有話想說？歡迎投稿>>>【Yahoo論壇】",2018-10-21 00:26:48+08:00,民眾日報,https://tw.news.yahoo.com/綠營南北反併吞大遊行-丁守中批-擁抱急獨-假議題-162648228.html
北投士林發展慢 丁守中：引進數位內容、電影與生物科技產業,"【綜合報導】選戰倒數，台北市長柯文哲與參選人丁守中今天不約而同選在北投士林舉辦重要活動，攻防意味明顯。丁守中表示，北投、士林過去四年發展遲緩，例如士林北投科學園區第一期工程早已完成，卻因柯文哲反商，擺著不開發，市府也不急。他強調，當選後會盡速打造北投士林科學園區作為創意文化園區，引進數位內容與AR、VR、AI等產業，甚至引進環球影城、電影文化產業，帶動地方繁榮發展。
他也強調，未來當選後將配合北投、士林在地的溫泉觀光資源，以及當地醫療集中的優勢，可望全面推動醫療、醫美，以及生物科技產業，全力吸引企業在地投資。至於社子島開發，他則主張全面區段徵收，轉型為科技綠建築高科技島，以國外發展新區建設為借鏡，更一定要照顧好當地民眾權益。
丁守中是在昨天晚間粉絲團「丁丁食堂」直播中，提出相關看法。節目來賓、國民黨議員汪志冰也說，因為丁守中是士林北投選出來的立委，長期關心地方，因此對在地民眾擔憂發展邊陲化的感受很深。她強調，士林北投一定要翻轉，期待丁守中進市府大開發、大建設，幫助士林北投大發展。
丁守中說，包括北投士林科學園區，或引進環球影城的構想，屬於低密度開發，不會影響關渡平原，但可以將許多科技產業、新創事業或營運總部引進士林、北投，為當地注入新的發展動力。
丁守中也質疑，過去四年士林北投發展很慢，尤其在地老舊公寓非常多、急需都更，改善民眾的生活環境。未來他一定會大幅放寬容積獎勵，越大街廓給予容積越多，創造誘因，加快都更腳步。",2018-10-21 00:25:46+08:00,民眾日報,https://tw.news.yahoo.com/北投士林發展慢-丁守中-引進數位內容-電影與生物科技產業-162546987.html
蔡英文五度站台姚文智：加強輔選力道,"政治中心／綜合報導
民進黨台北市長候選人姚文智士林北投後援會今（20）日晚間成立，總統蔡英文親自出席為姚文智站台。由於日前姚文智在廣播節目中曾希望蔡英文的輔選力道可以再加強，蔡英文一上台就說「這是我第五次為姚文智加油，我要加強輔選的力道」，而一旁的姚文智則聞言後也笑得低了下頭。
▲蔡英文笑說要加強輔選力道，一旁的姚文智聞言後低頭笑了。（圖／翻攝自姚文智臉書）
蔡英文上台時就表示，姚文智投入選戰後，一路走來都相當認真，整個人都曬黑了。她大讚姚文智是民進黨青壯年世代中的優秀人才，雖然有人唱衰選情，懷疑姚文智不能拚出頭，但姚文智就像桃園市長鄭文燦和台中市長林佳龍，「只要肯打拚，台灣人民一定會給機會」，強調姚文智一定會是最好的市長。
蔡英文表示，為了守護台灣，守護國家首都，希望大家要用所有力氣拚到最後一刻，讓全世界了解台灣的勇氣和堅持，「拜託大家成為蔡英文和姚文智的後盾」。
▲蔡英文表示，希望大家一起守護國家首都，成為姚文智的後盾。（圖／翻攝自姚文智臉書）
其實，加上日前的台北市候選人授旗大會、百工百業挺改革大會、中山大同聯合造勢、內湖南港聯合造勢，這次已經是蔡英文五度替姚文智站台，足見蔡英文對於姚文智選情的重視。（編輯：林奇樺）
更多三立新聞網報導總統輔選力道不足？姚：反映基層心聲柯P捲器捐 陳佩琪：選成這樣很無言曾被高嘉瑜嗆 姚文智：那些事都忘了經濟蕭條10年 王世堅：馬英九害的",2018-10-20 23:10:29+08:00,三立新聞網 setn.com,https://tw.news.yahoo.com/蔡英文五度站台姚文智-加強輔選力道-151029999.html
建立大高雄生活圈 韓國瑜屏東市站台輔選萬人擠爆,"南臺灣南高屏連成一線，國民黨高雄市長候選人韓國瑜偕同台南市議員謝龍介20日晚上8點到屏東，為國民黨屏東市長候選人林協松站台輔選，「韓流」旋風跨過高屏溪，民眾瘋狂追星，光是要走到舞台真的寸步難行，現場超過1萬人，顯見只要他來都有超高人氣。

林恊松競選總部成立造勢晚會在慈鳳宮前的永福路封路舉行，椅子擺了1萬張，不但坐滿了兩旁人行道還是站滿滿人潮。除了請來施文彬、一綾、林良歡3位藝人來助唱和市民同樂外，主持人拍賣限量發行的「甲你藍牢牢凍蒜書包」，每個999元，台下馬上搶購一空。

▲韓國瑜雙手拉起縣長候選人蘇清泉和林協松帶領屏東鄉親拚經濟喊「凍蒜」。(圖／記者陳宗傑攝,2018,10,20）

韓國瑜與林恊松不久即在簇擁人群中，與屏東市各縣議員、市民代表候選人進場，群眾的熱情，進場隊伍根本是被人潮一波波推力推著走。一位女粉一邊吹著哨子一邊大喊「我是來看你的」，準備拿著鮮花要上台獻花，這樣的場子在屏東市創下紀錄，比選屏東縣長還熱。

▲主持人拍賣限量發行的「甲你藍牢牢凍蒜書包」。(圖／記者陳宗傑攝,2018,10,20）

韓國瑜致詞時表示，屏東民進黨執21年了，高雄也是一樣，但民進黨執政讓人失望，他呼籲高雄、屏東建立大高雄生活圈，讓農業、觀光等振興起來，蛋白區農、漁、畜牧業走出去，蛋黃區投資客、觀光客走進來，大家都賺錢，一起來翻轉南台灣。激情滿溢的現場，「凍蒜」聲不斷，韓國瑜雙手拉起縣長候選人蘇清泉和林協松喊兩人當選後一定會帶領屏東鄉親拚經濟。

▲林恊松競選總部成立造勢晚會現場超過1萬人。(圖／記者陳宗傑攝,2018,10,20）
更多 NOWnews 今日新聞報導 2018桑搏東亞盃錦標賽在台首辦 四國好手同場競技 影／國際農機暨資材展開幕 農業嘉年華會一連三天",2018-10-20 22:57:17+08:00,今日新聞NOWnews,https://tw.news.yahoo.com/建立大高雄生活圈-韓國瑜屏東市站台輔選萬人擠爆-145717105.html
農民怨吳音寧上任菜價跌 北農：比韓國瑜時平穩,"
有農民抱怨，吳音寧上任以來菜價下跌，更以韓國瑜任內最高的平均菜價33.5元，批評吳音寧任內平均菜價掉到25元，但北農秀出韓國瑜和吳音寧兩人任期內的平均菜價，顯示吳音寧上任以後，菜價比韓國瑜還要高，雙方比較基礎就不同，難怪各說各話。
▼（圖／東森新聞）

中華農企發展協會副秘書長林裕紘：「至少你可以看出，韓國瑜任內是一個很明顯，上升的趨勢啊。」打開網頁，交易行情一目了然，有農民就抱怨，自從韓國瑜離開北農，吳音寧接任以後，菜價一直下跌，讓農民損失慘重，透過批發市場交易行情站，的產品交易價量走勢圖，可以發現從102年開始，曲線在103年跌到最低不到25元，但持續走高，再從105年開始逐漸往下降，農民指稱，106年6月吳音寧上任開始，菜價就持續走低。中華農企發展協會副秘書長林裕紘：「其實（北農）這個數據用了一個，統計上有趣的東西，其實你可以看到，產品交易價走勢圖，可以看到韓國瑜任內，24、25、28、33（元／公斤）平均都是這個價格，那吳音寧兩年27.2、25.6，這樣數值平均起來，怎麼會有28.5呢？」
▼（圖／東森新聞）
北農公司對此發布新聞稿澄清，強調吳音寧任職以來是北農菜價最平穩的時期，更拿出農糧署數據，表示韓國瑜任內6年左右，平均菜價一公斤是27.2元，但吳音寧任內 一年多來到28.5元，每公斤差了1.3塊，增加幅度更有百分之4.7，但是中華農企發展協會指出，這是統計上的遊戲，更精準應該用韓國瑜105年平均菜價為1公斤33.5元，比照107年吳音寧接任後跌到25元，來做對照。但其實韓國瑜任內，103年時跌到最低也不到25元。
▼（圖／東森新聞）

北農主秘路全利：「吳總經理任內我想是這段時間菜價都非常平穩，在韓總經理任內，因為多次遭到颱風侵襲，供需不平衡、價格產生波動。」北農透過拍賣員，以電腦拍賣機公開拍賣，由承銷商競標形成菜價再公布，這次公開韓國瑜、吳音寧、兩人任期的數據是取平均值，但和農民團體相較之下，單從兩人任期特定一年來比較，雙方比較基礎就不同，各說各話。

（封面圖／東森新聞）
更多東森新聞報導韓國瑜宜蘭助選 「韓流」旋風襲捲民眾狂追星討鑰匙遭拒！44歲兄狠殺妹…刀斷兩截 刺中心臟命危閨蜜愛上爸！從小三變後媽 另類「3P」出遊玩爽爽",2018-10-20 22:44:00+08:00,EBC東森新聞,https://tw.news.yahoo.com/農民怨吳音寧上任菜價跌-北農-比韓國瑜時平穩-144400538.html
五度站台姚文智 蔡總統加強輔選力道,"（中央社記者游凱翔台北20日電）總統蔡英文今晚替民進黨籍台北市長參選人姚文智站台，蔡總統笑說，這是第5度替姚文智加油，因為她要加強輔選力道，也稱讚姚是民進黨青壯年人才，只要打拚，人民就會給機會。
選戰倒數，姚文智晚間在石牌國中舉辦「士林北投後援會」成立大會，同黨議員林世宗、謝維洲、王威中、陳慈慧、鍾佩玲、陳賢蔚參選人與會；環保署長李應元、總統府資政葉菊蘭、行政院秘書長卓榮泰共襄盛舉，蔡總統更現身力挺。
「這是我第5次來替姚文智加油，因為我要加強輔選力道」，蔡總統說，這不是民進黨首次走困難的路，因為相信對的事，就要堅持到底，這就是台灣精神。
蔡總統也向支持者舉3個應該要支持姚文智及民進黨的例子，第一，民進黨的先進30年前因大家支持，勇敢對抗威權、追求民主自由；第二，姚文智是民進黨青壯世代的好人才，當過新聞局長，也與駐日代表謝長廷在高雄歷練過；第三，中國在國際上頻頻打壓台灣，甚至派出軍機在台灣附近驚嚇台灣人民，但政府面對中國壓力，「立場站得很穩，台灣的立場一步都沒有退」。
蔡總統說，台灣站在民主的第一線，各個國家都在看台灣是否會為了民主價值、主權尊嚴堅定下去，因此呼籲支持者11月24日投票日當天，用選票讓全世界了解台灣的勇氣、讓全世界看見台灣的堅持，一起走出這條困難但正確的道路，並成為她與姚文智最堅強的後盾。
姚文智致詞時指出，日前台北市長柯文哲受訪時表示「台灣不過是架上的商品」言論，台灣好不容易要整合國家力量、持續向前打拚，柯文哲竟以首都市長身分，破壞台灣跟美國好不容易建立的民主價值同盟關係。
姚文智也表示，蔡總統上任後對抗來自北京的壓力，一方面拒絕九二共識，也不接受兩岸一家親，在對外關係如此困難情況下，蔡總統仍堅持到底；他並說，相信很多人不願看到台灣再次分裂，希望大家支持蔡總統、當蔡總統後盾，讓台灣再往前邁進。（編輯：張芷瑄）1071020",2018-10-20 22:36:24+08:00,中央社,https://tw.news.yahoo.com/五度站台姚文智-蔡總統加強輔選力道-143624961.html
闖王金平故鄉 陳其邁：對路竹有信心,"記者黃佳萍、黃啟超／高雄報導
民進黨高雄市長候選人陳其邁周六行程滿檔，下午參加完反併吞護台灣的遊行後，立刻趕到路竹和阿蓮固票。陳其邁也陪同選區議員，一起參加後援會的成立活動，雖然路竹是前立法院長王金平的故鄉，但陳其邁有信心延續上次選舉的氣勢，獲得在地鄉親的高度肯定。
▲陳其邁參加路竹後援會成立活動。
來到高雄路竹，鄉親看到陳其邁，熱烈歡迎。陳其邁路竹後援會活動：「陳其邁，當選！」
為了相挺陳其邁，路竹區支持者成立後援會。挾著高人氣，陳其邁希望能延續團結氣勢，但其實路竹是前立法院長王金平的故鄉，是不是特地來顧樁，搶藍營票源。
▲陳其邁表示，對於農會及漁會非常有信心。
民進黨高雄市長候選人陳其邁：「我們對農會都非常的深耕，也跟他們都有深厚的交情，我們對農會漁會，我們都非常有信心。」
就在前一天，前立法院長王金平來到仁武大社還有三民區，連跑兩場造勢活動，幫黨籍市議員候選人站台，甚至當眾揮毫寫出「挺韓國瑜」表態支持。
前立法院長王金平：「韓國瑜，當選！」
▲王金平當眾揮毫寫出「挺韓國瑜」表態支持。
在台上和韓國瑜握手，王金平力挺到底，雖然路竹是王金平的故鄉，但以上一次高雄市長選舉的得票數來看，當時陳菊在路竹區的得票數是18994，當時代表國民黨的楊秋興是9011票，民進黨得票數可以說是國民黨的2倍。
民進黨高雄市長候選人陳其邁：「路竹我們至少來了 2、30次，我們在這裡也很感謝獲得不分黨派的支持，所以我們對北高雄大路竹地區都非常有信心。」
陳其邁說，路竹只要贏，高雄就會大贏，也對農漁會都很有信心。勤跑基層加上各區後援會的支持，對於勝選，陳其邁很有信心。（整理：實習編輯蔣季容）
更多三立新聞網報導惡搞跳海說 王世堅主演「跳海光頭」帶頭違規！柯園遊會認定競選活動挨罰「台女沒化妝上街嚇人」柯P坦承失言他書讀少是選舉賣點？網：書讀好再選",2018-10-20 22:05:28+08:00,三立新聞網 setn.com,https://tw.news.yahoo.com/闖王金平故鄉-陳其邁-對路竹有信心-140528012.html
侯友宜爭客家選票 承諾打造小型文化據點,"（中央社記者黃旭昇新北20日電）中國國民黨新北市長參選人侯友宜今天晚上表示，當選後將打造小型客家文化據點、開闢客家文創商業街廓；未來希望與客家社團領袖並肩作戰，為新北市60萬客家鄉親努力。
侯友宜晚間先參加客家社團理事長協會主席交接，接著又前往樹林的夜市掃街拜票，全力衝刺。他今天行程滿檔，分別在北海岸、汐止等地參加各競選總部的造勢活動，明天的公開行程更多，公開的行程就有13處，幾乎馬不停蹄的往前衝。
侯友宜在出席客家社團理事長協會主席交接典禮時，感謝新北客家社團長年為客家文化推廣而努力，他也提出客家政策願景，希望打造客家文化據點，提振語言、文化、創意、商業。
稍早，侯友宜在板橋參與課後教育人員後援會時表示，雙薪家庭社會形態，不是每個家庭都能負擔安親班費用，因此，新北積極推動課後照顧，他非常敬佩不求名利的輔導老師，在基層關心弱勢孩童的課後教育。
侯友宜感謝教育人員參加教育局的課後照顧委員會，透過公私合作把弱勢孩子一起帶上來。他是鄉下小孩，唸書、就業過程感謝很多人給他機會，也一直感恩惜福。來自新北各區的課後教育人員，紛紛鼓掌，搶著與侯友宜拍照、握手。
曾任國小教師的兒童課後照顧輔導協會理事長曾承逸致詞說，侯友宜在新北市副市長任內，關心弱勢學生的課後照顧，也注重第一線基層老師的工作情形。（編輯：梁君棣）1071020",2018-10-20 21:51:23+08:00,中央社,https://tw.news.yahoo.com/侯友宜爭客家選票-承諾打造小型文化據點-135123022.html
高思博推蕃薯簽 盼團結拼經濟,記者林雪娟／台南報導 國民黨台南市長候選人高思博競選總部廿日發表由高思博贊助拍攝的微電影《蕃薯簽》，描述當年蔣經國時代，台灣如何從經濟蕭條到起飛，在劇中飾演老阿嬤的「鳥來嬤」吳敏，不改其直來直往、敢說話個性，以其在劇中經常說的「你母卡好」口頭禪，痛批現在經濟蕭條景象，強調自己老來也想享福，但前提是下一代要能先溫飽，她還大方秀出高思博「二號」勝利標示。 《蕃薯簽》影片為九十分鐘，以兩天時間，先拍出七分鐘的微電影版。田宗玄說，想要拍攝台灣當年如何經濟起飛到台灣錢淹腳目，他已經構思多年，在高思博贊助下，順利開拍。田宗玄也是台南人，因生計只得北漂，對高思博的政見更有所感。 王宗玄也笑說，這部片當初尋覓扮演蔣經國角色者，蔣經國話不多，凡事親力親為，以民為主，苦民所苦，他原本屬意無論身形、個性都適合的高思博，認為是不二人選，可惜因選舉，只好改由他上陣。 高思博說，許多人以藍綠顏色，希望支持者莫背棄，然「別為了當投票日一天主人，卻換來四年痛苦」，台南要拼經濟，從傳統去延續創新，台南子弟不用北漂，留在家鄉好成家、好生活。 片中有許多對話，如蔣經國對百姓所言「冷掉的蕃薯簽好吃，但人民沒有錢買白米，就是政府的責任」；吳敏的台詞，「以前店內熱鬧滾滾，現在一隻貓咪都不來」，都深入人心。,2018-10-20 21:25:00+08:00,中華日報,https://tw.news.yahoo.com/高思博推蕃薯簽-盼團結拼經濟-132500716.html
蘇煥智提告大創案 黃偉哲還遭控欠款不還,記者盧萍珊／佳里報導 無黨籍市長候選人蘇煥智二十日表明將對黃偉哲提告，曾任黃偉哲國代後援會總會長的汪旺恩也出面指控，幫黃偉哲墊付一百多萬元紅白帖費用，追討近二十年未果，透過民進黨市黨部主委黃先柱出面協商，對方表明在市長初選後先還四十萬元，但至今仍無下文，質疑兩人黃先柱和黃偉哲誠信有問題。 對此，民進黨市黨部代黃先柱回應表示，當時確有向汪了解此事，但僅止於了解，允諾還款四十萬元不是事實。 市長候選人蘇煥智昨開記者會表示預計二十四日北上針對大創案提告黃偉哲等人。蘇煥智表示，國貿局明知大創將來自日本核災區群馬縣的物品，更改為滋賀縣，但在立委黃偉哲國會辦公室邀集相關單位開會，卻同意由廠商書面保證代替實質審查，違反貿易法相關規定，顯有圖利大創。 在場的汪旺恩也加碼指控，黃偉哲過去擔任國代四年時間，包括婚喪喜慶、廟會活動包出的紅白帖費用一百多萬元都是他先行墊付，他曾向黃偉哲催討，黃將紅白帖帶走且說要精算後付錢，至今沒有下文，直到此次民進黨市長初選時，黃先柱曾在農曆春節後代黃偉哲出面論及還款之事，並答應初選後要先付四十萬元，但至今仍未收到分文，如此誠信有問題的人要怎樣掌管南市？ 黃偉哲陣營回應，黃偉哲競選國大代表時與立委蘇煥智使用聯合服務處，婚喪喜慶的花費都由蘇煥智的助理負責記帳，關於帳務，蘇煥智應該最清楚。,2018-10-20 21:35:00+08:00,中華日報,https://tw.news.yahoo.com/蘇煥智提告大創案-黃偉哲還遭控欠款不還-133500389.html
壯大高雄成就台灣 陳其邁：全世界都在看高雄選舉,"民進黨與本土社團今（20）日在高雄世運大道，舉辦逾萬人「反併吞、護台灣；反介入、顧高雄」活動，高雄市長候選人陳其邁最後壓軸演講指出。最近有三件事情讓全世界都在看台灣，關注台灣的選舉、台灣人民的智慧。
 
陳其邁指出，第一件事就是中美貿易戰，美國總統川普上任後，跟中國在關稅與貿易的磨擦，連帶對整個亞洲的經濟，都產生很大的影響。過去很多台商前往中國，造成台灣失業問題，現在都陸續回來台灣。他強調，美中貿易衝突，世界秩序已經改變，很遺憾台灣卻還有人在寄望中國市場。
 
▲陳其邁表示，全世界都在看，要看台灣人的智慧，要看高雄人的選擇。 。（圖／記者蔡佳宏翻攝,2018.10.20）
 
因應台商回流，陳其邁強調，高雄有橋頭科學園區，還有華邦電總共3350億的投資案，如何讓高雄的經濟更好、台灣更好，這是一個機會，壯大高雄的經濟，絕對可以帶動整個台灣的經濟發展。
 
陳其邁接著指出第二件事，就是中國在南海軍事設施所引發的國際反感，還有軍艦、軍機騷擾台灣外海，武力恐嚇威脅台灣，這些都嚴重影響亞太地區、南海自由航權、印度以及東南亞的區域安全與和平。
 
年底的台灣地方選舉，陳其邁認為，這是引起全世界都在看台灣的第三件事。他指出，這次選舉有很多假新聞、假消息，很多都是中國的新聞農場，這些假消息在自由的網路世界流傳，像他的臉書，還有很多候選人都遭到中國五毛黨的攻擊，每天都在澄清都澄清不完。
 
陳其邁表示，這種假消息、假新聞源源不斷，有些人不知道這不是事實，也沒有時間去了解狀況，很多人就被假消息影響，這不只嚴重侵害選舉的公平，更是中國企圖破壞台灣的自由民主。因此，全世界都在看，要看台灣人的智慧，要看高雄人的選擇。
 
▲民進黨與本土社團今日在高雄世運大道，舉辦逾萬人「反併吞、護台灣；反介入、顧高雄」活動。（圖／記者蔡佳宏翻攝,2018.10.20）
 
陳其邁多次強調，這是鞏固民主的關鍵時刻，台灣曾經走過艱苦與血淚的民主反對運動，31年前美麗島事件發生在高雄，許多黨外運動的前輩，還遭到國民黨舖天蓋地的抹黑，高雄人還是勇敢支持，高雄是台灣的民主聖地。
 
這場結合本土社團舉行的反併吞的萬人遊行，陳其邁與所有市議員候選人全員到齊，立委鍾孔炤、劉世芳、李昆澤、邱議瑩、邱志偉、管碧玲、許智傑、林岱樺、趙天麟，也都全部到現場力挺，展現民進黨在高雄的大團結。
 
陳其邁最後強調，高雄是台灣的民主聖地，高雄人最清楚台灣走到今天的自由民主，歷經千辛萬苦，我們一定要捍衛這得來不易的自由民主體制，拜託大家一起用行動、用選票，為台灣後代子孫，堅決拒絕中國的併吞野心。
更多 NOWnews 今日新聞報導成立萬里、金山、石門競總 侯友宜：記得幫2號催票拉票鳳中女廁驚見針孔偷拍 嫌犯竟是警大畢業生
相關新聞影音",2018-10-20 20:58:38+08:00,今日新聞NOWnews,https://tw.news.yahoo.com/壯大高雄成就台灣-陳其邁-全世界都在看高雄選舉-125838261.html
黨紀約束出席喜樂島 姚文智路過低調挺,"民進黨約束黨公職參加喜樂島舉辦的全民公投反併吞，但台北市長候選人姚文智，以路過方式低調現身，姚文智說，台灣人追求獨立的理想要堅持，他選上首都市長可以做更多，資深媒體人金恆偉透露姚文智壓力很大，他呼籲現場群眾支持他，不要投中國支持的人。
喜樂島活動台上助講熱烈，台下一陣騷動，因為民進黨台北市長候選人姚文智低調現身。姚文智向群眾揮手致意，民進黨禁止黨公職參加喜樂島活動，看到姚文智群眾情緒沸騰。
姚文智幫自家人緩頰，對自己現身喜樂島活動，他以路過打擦邊球，免得踩黨紀紅線。
姚文智表態支持公投決定台灣前途，不上台演講，資深媒體人金恆偉在台上幫他說話。
金恆偉透露黨紀對民進黨候選人的壓力，但姚文智還是選擇路過表達支持，畢竟以公投讓台灣成為正常國家，是民進黨長久以來的主張，有人換位子換腦袋，有人還是堅持理想。
（民視新聞／徐葳倫、沈建宏 台北報導）
更多追蹤報導獨派反中 雷大雨小 英賴菊全走避「全民公投反併吞」喜樂島逼小英無畏黨禁令 姚文智「路過」喜樂島怕嚇跑中間票 動員刻意半調子大小綠唱和 民進黨搶中間票
＿＿＿＿＿＿＿＿＿＿＿＿＿
有話想說？歡迎投稿>>>【Yahoo論壇】",2018-10-20 20:39:04+08:00,民視,https://tw.news.yahoo.com/黨紀約束出席喜樂島-姚文智路過低調挺-104159331.html
綠營反併吞遊行 陳其邁：用選票抵制五毛黨流傳假新聞,"「反併吞、護台灣、反介入、顧高雄」遊行，今(20)日下午在高雄市世運大道登場，現場對中國透過金援、網軍介入台灣這次選舉砲聲隆隆。高雄市長候選人陳其邁帶領由黨籍立委組成高雄隊進場，陳其邁指出，中國網軍五毛黨在自由的網路世界流傳假新聞、假消息嚴重影響公平選舉，全世界都在看，高雄市民做出什麼選擇，呼籲市民要用選票挺高雄。
 
這場活動由民進黨高雄市黨部、高雄市議會民進黨黨團、台灣南社、台灣基督長老教會高雄中會、壽山中會2018選舉後援會聯合發起，炒熱活動氣氛，高雄市長候選人陳其邁在黨籍立委帶領市議員候選人大隊人馬，一早即分別在全市九個重要路口，拉布條呼籲民眾參與活場。
 
▲活動由高市黨部、市議會黨團、台灣南社、台灣基督長老教會聯合發起。（圖／記者郭俊暉攝，2018.10.20）
 
活動在「金曲獎歌王─嚴詠能＆打狗亂歌團」熱鬧歌聲及參與民眾揮舞旗子揭開序幕，高雄市議長康裕成宣讀四個團體代表人簽署活動精神「台灣人民宣言」。內容闡述從許多跡象顯示，台灣年底選戰正遭受中國暗黑勢力透路網路，散佈假消息，呼籲有台灣人民提高警覺粉碎中國野心。
 
台灣基督長老教會壽山中會前議長蔡加發牧師表示，他代表會內兩百餘位牧師參加這次活動，中國用飛機、軍艦繞台，動用金錢買邦交國，台灣人民要站出來，向中國說「台灣是台灣、中國是中國」一邊一國。
 
台灣南社南社社長翁銘章出場帶動氣氛，請現場群眾大聲向中國嗆聲「反併吞、護台灣、要公投」。他說，國民黨與共產黨就像是鸞生兄弟，這次選舉用剪接影片製成「北漂」假象，韓國瑜是南漂，請大家用選票，讓他滾回去。
 
國策顧問曾貴海說，韓國瑜若當選，高雄大街小巷將插滿五星旗，這次選舉決定高雄咱的命運。
 
民進黨高雄黨部主委趙文男於現場強調，中國這次介入台灣選舉非常深，配合國民黨網軍製造假民調、假新聞，呼籲大家站出來，反中國併吞。
 
陳其邁以高雄隊長身份帶領由黨籍立委組成高雄隊進場指出，最近「中美貿易戰」、「美中南海問題」、「假新聞、假消息」三件事，讓全球正在看台灣。他並說，中美為關稅如何報復，兩國就關稅、貿易有很大摩擦，也影響台灣經濟發展，很多台商在中國投資，要漸漸回台灣高雄投資，高雄已引進華邦電大投資案，正規畫橋頭科學園區，壯大高雄產業、經濟絕對可帶動台灣經濟發展。
 
▲綠營「反併吞、護台灣、反介入、顧高雄」活動共同宣言簽署書 。（圖／高市黨部提供）
 
陳其邁並強調，最近很多假新聞、假消息，包括過去日本謝長廷代表關西機場的事，日本讀賣新聞也認定是假消息。高雄這場選舉也一樣，被中國網軍五毛黨干預相當泛濫，怎麼澄清都來不及。他說，全世界都在看，高雄市民做出什麼選擇。假新聞、假消息嚴重影響公平選舉，影響民主自由發展。拜託民主聖地高雄的市民，要壯大台灣，一定要從高雄做起。
 
這場活動最後在高喊，「反併吞、護台灣、反介入、顧高雄」聲中，大家一起推動主辦單位準備的兩顆綠色球體翻轉全場氣氛，由高雄隊長陳其邁帶領大家展開遊行，約半小時後結束。
更多 NOWnews 今日新聞報導周末馬拉松行程 蘇貞昌：很誠意的走遍每一個角落千份羊肉免費吃 岡山羊肉節六尺羊角爐超吸睛
相關新聞影音",2018-10-20 20:37:08+08:00,今日新聞NOWnews,https://tw.news.yahoo.com/綠營反併吞遊行-陳其邁-用選票抵制五毛黨流傳假新聞-123708216.html
高雄反併吞反介入遊行 陳其邁：全世界都在看台灣,"[新頭殼newtalk] 民進黨今天在高雄舉辦「反併吞、護台灣；反介入、顧高雄」活動，現場聚集上萬人；市長候選人陳其邁也在最後壓軸致詞，他說最近有三件事情讓全世界都在看台灣，關注台灣的選舉、台灣人民的智慧。 
陳其邁表示，第一件就是沸沸揚揚的中美貿易戰，美國總統川普上任後，跟中國在關稅與貿易的磨擦，連帶對整個亞洲的經濟，都產生很大的影響。過去很多台商前往中國，造成台灣失業問題，現在都陸續回來台灣。「美中貿易衝突，世界秩序已經改變，很遺憾台灣卻還有人在寄望中國市場。 」
而對於部分回流的台商，陳其邁也強調，高雄有橋頭科學園區，還有華邦電總共3350億的投資案，如何讓高雄的經濟更好、台灣更好，這是一個機會，壯大高雄的經濟，絕對可以帶動整個台灣的經濟發展。 
第二、三件事情，就是中國在南海軍事設施所引發的國際反感，還有軍艦、軍機騷擾台灣外海，武力恐嚇威脅台灣。然而這兩件事情都嚴重影響亞太地區、南海自由航權、印度以及東南亞的區域安全與和平。 陳其邁認為，這是引起全世界都在看台灣的第三件事，這次選舉有很多假新聞、假消息，很多都是中國的新聞農場，這些假消息在自由的網路世界流傳，像他的臉書，還有很多候選人都遭到中國五毛黨的攻擊，每天都在澄清都澄清不完。
陳其邁指出，這是鞏固民主的關鍵時刻，台灣曾經走過艱苦與血淚的民主反對運動，31年前美麗島事件發生在高雄，許多黨外運動的前輩，還遭到國民黨舖天蓋地的抹黑，高雄人還是勇敢支持，高雄是台灣的民主聖地。假消息、假新聞源源不斷，有些人不知道這不是事實，也沒有時間去了解狀況，很多人就被假消息影響，嚴重影響了選舉的公平性。
陳其邁進一步說，現在全世界都在看，要看台灣人在這種情況下的智慧，更是看高雄人的選擇。 高雄是台灣的民主聖地，高雄人最清楚台灣走到今天的自由民主，歷經千辛萬苦。
陳其邁期許鄉親，一起用行動、用選票，為台灣後代子孫，堅決拒絕中國的併吞野心。
延伸閱讀：
民進黨高雄市長選情告急？阿扁：我比任何人都緊張
陳其邁也打LOL？ 直呼：當選手比當市長更難
 
 

相關新聞影音",2018-10-20 20:15:18+08:00,新頭殼,https://tw.news.yahoo.com/高雄反併吞反介入遊行-陳其邁-全世界都在看台灣-121518286.html
力挺韓國瑜！花蓮民宿「禿頭半價」 禿得像他直接免費,"國民黨高雄市長候選人韓國瑜近日網路聲量激升，讓全台颳起一股「韓流旋風」。如今這陣風也吹到了東台灣，花蓮有民宿業者推出優惠活動，只要是「禿頭」就能享有住房半價，如果「禿的夠像韓國瑜」，甚至能直接免費住一晚。公告一出，其他網友紛紛笑說「要先傳照片給你看嗎」、「長得像陳其邁可以免費嗎？」

該民宿業者19日晚間在臉書PO文稱，「要說這陣子什麼最夯、我想非禿頭哥莫屬了⋯為了感謝廣大的禿頭哥們，每天為生活打拼著，金澤居決定從即日起到11/24日止，只要你禿頭，住房就半價」；更有趣的是，粉專小編還打趣地說「1個蘿蔔ㄧ個坑，1個禿頭1間房哦。」
不僅如此，業者又繼續加碼，「如果你長的、禿的跟韓國瑜很像(9分像)...就免費給你住...當然...如果...你長的不像韓國瑜...反而像恰吉王世堅...也給你免費...這樣總可以了吧」。對於既不是禿頭、也長得不像王世堅的朋友，民宿主人也提出補償方案，「只要你也叫國瑜或世堅就可以8折優惠哦」。

貼文PO出後引發熱議，其他網友看過紛紛表示「要先傳照片給你看嗎」、「禿頭和光頭是不一樣的吧」、「長得像陳其邁可以免費嗎」、「我不知道是否該分享給禿頭朋友～(好怕被揍)你這種福利算是好事還是壞事」、「我寧可像韓國魚也不要像王世堅」、「那麼棒啊！恨不得一夕變禿頭」。

更多 TVBS 報導「你們大人多噁心！」韓國瑜小編嗆翻2名嘴 網封新學姐 陳其邁萬人造勢 他抓出空拍照2疑點：韓國瑜贏了 TVBS民調／誰能做好高雄市長？ 34%都選韓國瑜",2018-10-20 20:21:50+08:00,TVBS新聞網,https://tw.news.yahoo.com/力挺韓國瑜-花蓮民宿-禿頭半價-禿得像他直接免費-122150721.html
陳其邁也打LOL？ 直呼：當選手比當市長更難,"[新頭殼newtalk] 電競產業蓬勃發展，民進黨高雄市長候選人陳其邁今（20）日至夢時代購物中心參加「電競英雄決戰」活動，並親自下場與其他選手一起競賽；陳其邁最後認為，做一個電競選手簡直比做市長還困難，並強調術業有專攻，行行出狀元。
陳其邁也和來自樹德科大及立志中學的電競戰隊進行《英雄聯盟》電競體驗賽，前局受到壓制，直到最後一刻透過團隊合作、齊心協力，成功反殺對手，引起現場轟動喝采。而陳其邁也獲得了其他選手的高度肯定。
陳其邁指出，未來會以六大政策發展電競產業，將高雄打造成國際電競城市：一、在亞洲新灣區成立台灣第一個電競產業園區；二、盤點市府閒置空間，提供租金減免，吸引業者進駐；三、發展一條龍電競產業鏈，建置電競品牌館；四、結合流行音樂、動漫等文化產業，吸引周邊產業，帶動觀光發展；五、培育電競人才，札根學歷教育、職業教育及大眾化教育；六、爭取舉辦大型電競賽事，建立在地戰隊，打造高雄成為國際電競城市。
賽後陳其邁強調，電競產業是台灣的明星產業，他除了會投注資源培育電競選手，更要營造良好的環境，讓電競產業在高雄發展，創造優質就業機會，帶動高雄的產業、經濟和觀光發展。他說，城市的發展也像遊戲，必須團體合作，然而所有市民都是這個城市的英雄，未來會特別著重人才培育，幫助年輕人在電競舞台上發光發熱。
延伸閱讀：
 護台灣顧高雄 陳其邁籲民眾用選票反併吞反介入
喜樂島聯盟遊行 蔡丁貴領群眾與警對峙達1小時
 
 
 
 
相關新聞影音
 
今日最夯
相關新聞：【聯訪】G2 Jankos ：跟 FW 的最後一場，從選角就覺得我們會贏相關新聞：【聯訪】Kiin 談贏 FW 致勝關鍵：因為我們準備的比較多相關新聞：【慘敗】閃電狼不敵G2，連三年止步世界賽十六強相關新聞：【專訪】C9 輔助：Sneaky有找我們一起 Cosplay，幸好沒成真相關新聞：【聯訪】RNG XiaoHu：Karsa 有點緊張，實力沒有完全發揮",2018-10-20 20:00:45+08:00,新頭殼,https://tw.news.yahoo.com/陳其邁也打lol-直呼-當選手比當市長更難-120045838.html
林姿妙請韓國瑜站台 「韓流」氣勢壓過主角,"宜蘭縣長選情廝殺激烈，國民黨候選人林姿妙，請來黨內人氣王韓國瑜、蔣萬安助陣，不過韓國瑜一出場，氣勢幾乎壓過林姿妙，主角淪配角，顯得有些尷尬，對手陳歐珀則語帶酸味，說候選人條件比任何助選員都來的重要，藍綠隔空較勁，火藥味濃。
林姿妙成立溪南競選總部，邀來藍營人氣王韓國瑜，北上助陣，民眾夾道歡迎，還有人遞上印有林姿妙名字的鴨舌帽，要韓國瑜簽名，讓一旁的林姿妙有點尷尬，鋒頭整個被「韓流」掩蓋。
不只韓國瑜，國民黨立委也是宜蘭女婿的蔣萬安，加入大進場行列，再掀起尖叫聲。就連國民黨主席吳敦義也到場輔選，輪番拉抬林姿妙。
同一時間，民進黨宜蘭縣長候選人陳歐珀，擔任主帥，幫同黨羅東鎮長候選人黃素琴站台，不忘數落林姿妙：「她這9年的鎮長做一項，營養午餐免費其他的都小項的啦，不是說沒做其他的說不出來，我也不曾聽過。」
砲轟林姿妙，鎮長任內建樹少，看到藍營人馬大陣仗輔選，陳歐珀倒是老神在在，直說自己聲勢上漲。隨著投票日逼近，宜蘭選情越來越熱。
（民視新聞／黃富溢 宜蘭報導）",2018-10-20 19:42:14+08:00,民視,https://tw.news.yahoo.com/林姿妙請韓國瑜站台-韓流-氣勢壓過主角-114214950.html
鄭進一南下高雄 力挺韓國瑜 (圖),"資深音樂人鄭進一（左）20日南下高雄為國民黨高雄市長參選人韓國瑜（中）站台，鄭進一說，從電視上看到「禿頭」的韓國瑜對城市發展有想法，讓他決定相挺。（韓國瑜競選辦公室提供）
中央社記者王淑芬傳真 107年10月20日",2018-10-20 19:14:32+08:00,中央社,https://tw.news.yahoo.com/鄭進-南下高雄-力挺韓國瑜-圖-111432918.html
